cell,n_departures,n_arrivals,lat,lon,n_touching,net_flow,inside_frac,in_region
wx4e4h,2,0,39.92706298828125,116.1090087890625,2,2,0.0,False
wx4e57,1,2,39.92156982421875,116.1639404296875,3,-1,0.0,False
wx4e59,1,2,39.91058349609375,116.1749267578125,3,-1,0.0,False
wx4e5b,2,4,39.90509033203125,116.1859130859375,6,-2,0.0,False
wx4e5c,5,3,39.91058349609375,116.1859130859375,8,2,0.0,False
wx4e5d,1,0,39.91607666015625,116.1749267578125,1,1,0.0,False
wx4e5f,1,1,39.91607666015625,116.1859130859375,2,0,0.0,False
wx4e5k,3,0,39.92706298828125,116.1639404296875,3,3,0.0,False
wx4e5m,1,1,39.93255615234375,116.1639404296875,2,0,0.0,False
wx4e5s,1,1,39.92706298828125,116.1749267578125,2,0,0.0,False
wx4e5u,4,3,39.92706298828125,116.1859130859375,7,1,0.0,False
wx4e5v,1,2,39.93255615234375,116.1859130859375,3,-1,0.0,False
wx4egc,1,1,40.04241943359375,116.1859130859375,2,0,0.0,False
wx4eh2,1,1,39.90509033203125,116.2078857421875,2,0,0.0,False
wx4eh4,1,1,39.91607666015625,116.1968994140625,2,0,0.0,False
wx4eh6,5,0,39.91607666015625,116.2078857421875,5,5,0.0,False
wx4eh8,3,2,39.90509033203125,116.2188720703125,5,1,0.0,False
wx4ehb,2,0,39.90509033203125,116.2298583984375,2,2,0.0,False
wx4ehg,13,9,39.92156982421875,116.2298583984375,22,4,0.0,False
wx4ehh,4,3,39.92706298828125,116.1968994140625,7,1,0.0,False
wx4ehj,1,8,39.93255615234375,116.1968994140625,9,-7,0.0,False
wx4ehk,1,0,39.92706298828125,116.2078857421875,1,1,0.0,False
wx4ehm,6,6,39.93255615234375,116.2078857421875,12,0,0.0,False
wx4ehr,1,0,39.94354248046875,116.2078857421875,1,1,0.0,False
wx4ehs,2,13,39.92706298828125,116.2188720703125,15,-11,0.0,False
wx4ehu,4,8,39.92706298828125,116.2298583984375,12,-4,0.0,False
wx4ehv,6,10,39.93255615234375,116.2298583984375,16,-4,0.0,False
wx4ehx,1,0,39.94354248046875,116.2188720703125,1,1,0.0,False
wx4ehz,2,3,39.94354248046875,116.2298583984375,5,-1,0.0,False
wx4ej0,3,3,39.90509033203125,116.2408447265625,6,0,0.0,False
wx4ej2,10,14,39.90509033203125,116.2518310546875,24,-4,0.0,False
wx4ej5,2,1,39.92156982421875,116.2408447265625,3,1,0.0,False
wx4ej6,1,5,39.91607666015625,116.2518310546875,6,-4,0.0,False
wx4ej7,5,7,39.92156982421875,116.2518310546875,12,-2,0.0,False
wx4ej8,5,7,39.90509033203125,116.2628173828125,12,-2,0.0,False
wx4ej9,9,6,39.91058349609375,116.2628173828125,15,3,0.0,False
wx4ejb,4,9,39.90509033203125,116.2738037109375,13,-5,0.0,False
wx4ejc,10,3,39.91058349609375,116.2738037109375,13,7,0.0,False
wx4ejd,8,5,39.91607666015625,116.2628173828125,13,3,0.0,False
wx4eje,4,3,39.92156982421875,116.2628173828125,7,1,0.0,False
wx4ejf,35,7,39.91607666015625,116.2738037109375,42,28,0.0,False
wx4ejg,5,17,39.92156982421875,116.2738037109375,22,-12,0.0,False
wx4ejh,3,4,39.92706298828125,116.2408447265625,7,-1,0.0,False
wx4ejj,8,4,39.93255615234375,116.2408447265625,12,4,0.0,False
wx4ejk,7,37,39.92706298828125,116.2518310546875,44,-30,0.0,False
wx4ejm,1,6,39.93255615234375,116.2518310546875,7,-5,0.0,False
wx4ejq,3,1,39.93804931640625,116.2518310546875,4,2,0.0,False
wx4ejr,1,0,39.94354248046875,116.2518310546875,1,1,0.0,False
wx4ejs,27,18,39.92706298828125,116.2628173828125,45,9,0.0,False
wx4ejt,6,1,39.93255615234375,116.2628173828125,7,5,0.0,False
wx4eju,28,23,39.92706298828125,116.2738037109375,51,5,0.0,False
wx4ejv,12,32,39.93255615234375,116.2738037109375,44,-20,0.0,False
wx4ejx,3,4,39.94354248046875,116.2628173828125,7,-1,0.0,False
wx4ejy,10,9,39.93804931640625,116.2738037109375,19,1,0.0,False
wx4ejz,12,32,39.94354248046875,116.2738037109375,44,-20,0.0,False
wx4ek0,1,0,39.94903564453125,116.1968994140625,1,1,0.0,False
wx4ek9,2,0,39.95452880859375,116.2188720703125,2,2,0.0,False
wx4ekb,5,0,39.94903564453125,116.2298583984375,5,5,0.0,False
wx4ekc,20,13,39.95452880859375,116.2298583984375,33,7,0.0,False
wx4eke,1,0,39.96551513671875,116.2188720703125,1,1,0.0,False
wx4ekf,1,3,39.96002197265625,116.2298583984375,4,-2,0.0,False
wx4ekk,1,3,39.97100830078125,116.2078857421875,4,-2,0.0,False
wx4ekr,3,2,39.98748779296875,116.2078857421875,5,1,0.0,False
wx4eks,8,11,39.97100830078125,116.2188720703125,19,-3,0.0,False
wx4ekt,7,9,39.97650146484375,116.2188720703125,16,-2,0.0,False
wx4eku,4,2,39.97100830078125,116.2298583984375,6,2,0.0,False
wx4ekv,35,17,39.97650146484375,116.2298583984375,52,18,0.0,False
wx4eky,25,9,39.98199462890625,116.2298583984375,34,16,0.0,False
wx4ekz,1,2,39.98748779296875,116.2298583984375,3,-1,0.0,False
wx4em1,5,5,39.95452880859375,116.2408447265625,10,0,0.0,False
wx4em2,4,8,39.94903564453125,116.2518310546875,12,-4,0.0,False
wx4em3,1,0,39.95452880859375,116.2518310546875,1,1,0.0,False
wx4em5,13,20,39.96551513671875,116.2408447265625,33,-7,0.0,False
wx4em7,7,20,39.96551513671875,116.2518310546875,27,-13,0.0,False
wx4em8,7,4,39.94903564453125,116.2628173828125,11,3,0.0,False
wx4em9,13,24,39.95452880859375,116.2628173828125,37,-11,0.0,False
wx4emb,24,47,39.94903564453125,116.2738037109375,71,-23,0.0,False
wx4emc,112,66,39.95452880859375,116.2738037109375,178,46,0.0,False
wx4emd,2,2,39.96002197265625,116.2628173828125,4,0,0.0,False
wx4emf,92,148,39.96002197265625,116.2738037109375,240,-56,0.0,False
wx4emg,76,41,39.96551513671875,116.2738037109375,117,35,0.0,False
wx4emh,8,2,39.97100830078125,116.2408447265625,10,6,0.0,False
wx4emj,5,16,39.97650146484375,116.2408447265625,21,-11,0.0,False
wx4emk,51,48,39.97100830078125,116.2518310546875,99,3,0.0,False
wx4emm,32,61,39.97650146484375,116.2518310546875,93,-29,0.0,False
wx4emq,24,38,39.98199462890625,116.2518310546875,62,-14,0.0,False
wx4emr,8,5,39.98748779296875,116.2518310546875,13,3,0.0,False
wx4ems,85,57,39.97100830078125,116.2628173828125,142,28,0.0,False
wx4emt,17,17,39.97650146484375,116.2628173828125,34,0,0.0,False
wx4emu,22,46,39.97100830078125,116.2738037109375,68,-24,0.0,False
wx4emv,1,0,39.97650146484375,116.2738037109375,1,1,0.0,False
wx4emw,7,5,39.98199462890625,116.2628173828125,12,2,0.0,False
wx4emx,13,13,39.98748779296875,116.2628173828125,26,0,0.0,False
wx4emy,2,2,39.98199462890625,116.2738037109375,4,0,0.0,False
wx4emz,2,2,39.98748779296875,116.2738037109375,4,0,0.0,False
wx4en0,4,8,39.90509033203125,116.2847900390625,12,-4,0.0,False
wx4en1,5,15,39.91058349609375,116.2847900390625,20,-10,0.0,False
wx4en2,5,7,39.90509033203125,116.2957763671875,12,-2,0.0,False
wx4en3,12,18,39.91058349609375,116.2957763671875,30,-6,0.0,False
wx4en4,12,25,39.91607666015625,116.2847900390625,37,-13,0.0,False
wx4en5,13,19,39.92156982421875,116.2847900390625,32,-6,0.0,False
wx4en6,18,17,39.91607666015625,116.2957763671875,35,1,0.0,False
wx4en7,32,46,39.92156982421875,116.2957763671875,78,-14,0.0,False
wx4en8,3,21,39.90509033203125,116.3067626953125,24,-18,0.0,False
wx4en9,68,112,39.91058349609375,116.3067626953125,180,-44,0.0,False
wx4enb,7,8,39.90509033203125,116.3177490234375,15,-1,0.0,False
wx4enc,10,3,39.91058349609375,116.3177490234375,13,7,0.0,False
wx4end,18,33,39.91607666015625,116.3067626953125,51,-15,0.0,False
wx4ene,47,59,39.92156982421875,116.3067626953125,106,-12,0.0,False
wx4eng,35,53,39.92156982421875,116.3177490234375,88,-18,0.0,False
wx4enh,11,23,39.92706298828125,116.2847900390625,34,-12,0.0,False
wx4enj,13,30,39.93255615234375,116.2847900390625,43,-17,0.0,False
wx4enk,5,8,39.92706298828125,116.2957763671875,13,-3,0.0,False
wx4enm,27,57,39.93255615234375,116.2957763671875,84,-30,0.0,False
wx4enn,66,40,39.93804931640625,116.2847900390625,106,26,0.0,False
wx4enp,35,50,39.94354248046875,116.2847900390625,85,-15,0.0,False
wx4enq,25,41,39.93804931640625,116.2957763671875,66,-16,0.0,False
wx4enr,50,86,39.94354248046875,116.2957763671875,136,-36,0.0,False
wx4ens,52,54,39.92706298828125,116.3067626953125,106,-2,0.0,False
wx4ent,106,138,39.93255615234375,116.3067626953125,244,-32,0.0,False
wx4enu,66,67,39.92706298828125,116.3177490234375,133,-1,0.0,False
wx4env,74,110,39.93255615234375,116.3177490234375,184,-36,0.0,False
wx4enw,100,198,39.93804931640625,116.3067626953125,298,-98,0.0,False
wx4enx,216,251,39.94354248046875,116.3067626953125,467,-35,0.0,False
wx4eny,155,149,39.93804931640625,116.3177490234375,304,6,0.0,False
wx4enz,133,126,39.94354248046875,116.3177490234375,259,7,0.0,False
wx4ep0,21,25,39.90509033203125,116.3287353515625,46,-4,0.0,False
wx4ep1,19,4,39.91058349609375,116.3287353515625,23,15,0.0,False
wx4ep2,12,20,39.90509033203125,116.3397216796875,32,-8,0.0,False
wx4ep3,13,23,39.91058349609375,116.3397216796875,36,-10,0.0,False
wx4ep4,7,5,39.91607666015625,116.3287353515625,12,2,0.0,False
wx4ep5,21,29,39.92156982421875,116.3287353515625,50,-8,0.0,False
wx4ep6,50,23,39.91607666015625,116.3397216796875,73,27,0.0,False
wx4ep7,16,16,39.92156982421875,116.3397216796875,32,0,0.0,False
wx4ep8,12,10,39.90509033203125,116.3507080078125,22,2,0.0,False
wx4ep9,8,21,39.91058349609375,116.3507080078125,29,-13,0.0,False
wx4epb,15,5,39.90509033203125,116.3616943359375,20,10,0.0,False
wx4epc,38,17,39.91058349609375,116.3616943359375,55,21,0.0,False
wx4epd,16,17,39.91607666015625,116.3507080078125,33,-1,0.0,False
wx4epe,16,19,39.92156982421875,116.3507080078125,35,-3,0.0,False
wx4epf,28,49,39.91607666015625,116.3616943359375,77,-21,0.0,False
wx4epg,24,19,39.92156982421875,116.3616943359375,43,5,0.0,False
wx4eph,86,128,39.92706298828125,116.3287353515625,214,-42,0.0,False
wx4epj,93,136,39.93255615234375,116.3287353515625,229,-43,0.0,False
wx4epk,42,47,39.92706298828125,116.3397216796875,89,-5,0.0,False
wx4epm,45,49,39.93255615234375,116.3397216796875,94,-4,0.0,False
wx4epn,131,176,39.93804931640625,116.3287353515625,307,-45,0.0,False
wx4epp,346,323,39.94354248046875,116.3287353515625,669,23,0.0,False
wx4epq,49,54,39.93804931640625,116.3397216796875,103,-5,0.0,False
wx4epr,12,22,39.94354248046875,116.3397216796875,34,-10,0.0,False
wx4eps,15,33,39.92706298828125,116.3507080078125,48,-18,0.0,False
wx4ept,39,58,39.93255615234375,116.3507080078125,97,-19,0.0,False
wx4epu,12,7,39.92706298828125,116.3616943359375,19,5,0.0,False
wx4epv,22,18,39.93255615234375,116.3616943359375,40,4,0.0,False
wx4epw,123,131,39.93804931640625,116.3507080078125,254,-8,0.0,False
wx4epx,200,164,39.94354248046875,116.3507080078125,364,36,0.0,False
wx4epy,38,68,39.93804931640625,116.3616943359375,106,-30,0.0,False
wx4epz,21,18,39.94354248046875,116.3616943359375,39,3,0.0,False
wx4eq0,67,62,39.94903564453125,116.2847900390625,129,5,0.0,False
wx4eq1,259,191,39.95452880859375,116.2847900390625,450,68,0.0,False
wx4eq2,137,152,39.94903564453125,116.2957763671875,289,-15,0.0,False
wx4eq3,148,137,39.95452880859375,116.2957763671875,285,11,0.0,False
wx4eq4,452,507,39.96002197265625,116.2847900390625,959,-55,0.0,False
wx4eq5,258,256,39.96551513671875,116.2847900390625,514,2,0.0,False
wx4eq6,341,396,39.96002197265625,116.2957763671875,737,-55,0.0,False
wx4eq7,1154,1442,39.96551513671875,116.2957763671875,2596,-288,0.0,False
wx4eq8,187,172,39.94903564453125,116.3067626953125,359,15,0.0,False
wx4eq9,2086,1984,39.95452880859375,116.3067626953125,4070,102,0.0,False
wx4eqb,218,281,39.94903564453125,116.3177490234375,499,-63,0.0,False
wx4eqc,1459,1888,39.95452880859375,116.3177490234375,3347,-429,0.0,False
wx4eqd,1979,2383,39.96002197265625,116.3067626953125,4362,-404,0.0,False
wx4eqe,21364,22315,39.96551513671875,116.3067626953125,43679,-951,0.33984375,False
wx4eqf,1461,1655,39.96002197265625,116.3177490234375,3116,-194,0.0,False
wx4eqg,15192,14295,39.96551513671875,116.3177490234375,29487,897,0.375,False
wx4eqh,176,153,39.97100830078125,116.2847900390625,329,23,0.0,False
wx4eqj,64,93,39.97650146484375,116.2847900390625,157,-29,0.0,False
wx4eqk,1091,1431,39.97100830078125,116.2957763671875,2522,-340,0.0,False
wx4eqm,1822,2078,39.97650146484375,116.2957763671875,3900,-256,0.0,False
wx4eqn,136,148,39.98199462890625,116.2847900390625,284,-12,0.0,False
wx4eqp,10,5,39.98748779296875,116.2847900390625,15,5,0.0,False
wx4eqq,746,365,39.98199462890625,116.2957763671875,1111,381,0.0,False
wx4eqr,1453,1203,39.98748779296875,116.2957763671875,2656,250,0.0,False
wx4eqs,23996,24086,39.97100830078125,116.3067626953125,48082,-90,0.61328125,True
wx4eqt,102866,107156,39.97650146484375,116.3067626953125,210022,-4290,0.9609375,True
wx4equ,34109,36274,39.97100830078125,116.3177490234375,70383,-2165,1.0,True
wx4eqv,71720,59333,39.97650146484375,116.3177490234375,131053,12387,1.0,True
wx4eqw,87839,89553,39.98199462890625,116.3067626953125,177392,-1714,0.9765625,True
wx4eqx,15099,10470,39.98748779296875,116.3067626953125,25569,4629,0.046875,False
wx4eqy,78050,78924,39.98199462890625,116.3177490234375,156974,-874,1.0,True
wx4eqz,13757,16361,39.98748779296875,116.3177490234375,30118,-2604,0.0625,False
wx4er0,429,461,39.94903564453125,116.3287353515625,890,-32,0.0,False
wx4er1,811,680,39.95452880859375,116.3287353515625,1491,131,0.0,False
wx4er2,324,380,39.94903564453125,116.3397216796875,704,-56,0.0,False
wx4er3,381,561,39.95452880859375,116.3397216796875,942,-180,0.0,False
wx4er4,381,255,39.96002197265625,116.3287353515625,636,126,0.0,False
wx4er5,7128,6657,39.96551513671875,116.3287353515625,13785,471,0.0625,False
wx4er6,1123,1523,39.96002197265625,116.3397216796875,2646,-400,0.0,False
wx4er7,4901,4858,39.96551513671875,116.3397216796875,9759,43,0.0546875,False
wx4er8,105,190,39.94903564453125,116.3507080078125,295,-85,0.0,False
wx4er9,414,526,39.95452880859375,116.3507080078125,940,-112,0.0,False
wx4erb,59,85,39.94903564453125,116.3616943359375,144,-26,0.0,False
wx4erc,128,138,39.95452880859375,116.3616943359375,266,-10,0.0,False
wx4erd,508,513,39.96002197265625,116.3507080078125,1021,-5,0.0,False
wx4ere,729,737,39.96551513671875,116.3507080078125,1466,-8,0.0,False
wx4erf,223,225,39.96002197265625,116.3616943359375,448,-2,0.0,False
wx4erg,316,282,39.96551513671875,116.3616943359375,598,34,0.0,False
wx4erh,21550,22032,39.97100830078125,116.3287353515625,43582,-482,1.0,True
wx4erj,42968,41278,39.97650146484375,116.3287353515625,84246,1690,1.0,True
wx4erk,8231,7776,39.97100830078125,116.3397216796875,16007,455,0.78125,True
wx4erm,13934,15363,39.97650146484375,116.3397216796875,29297,-1429,0.5234375,True
wx4ern,36893,35552,39.98199462890625,116.3287353515625,72445,1341,1.0,True
wx4erp,5224,6484,39.98748779296875,116.3287353515625,11708,-1260,0.0703125,False
wx4erq,3128,3569,39.98199462890625,116.3397216796875,6697,-441,0.42578125,False
wx4err,1515,1695,39.98748779296875,116.3397216796875,3210,-180,0.09375,False
wx4ers,568,690,39.97100830078125,116.3507080078125,1258,-122,0.0,False
wx4ert,1753,1968,39.97650146484375,116.3507080078125,3721,-215,0.0,False
wx4eru,83,107,39.97100830078125,116.3616943359375,190,-24,0.0,False
wx4erv,452,538,39.97650146484375,116.3616943359375,990,-86,0.0,False
wx4erw,564,627,39.98199462890625,116.3507080078125,1191,-63,0.0,False
wx4erx,531,685,39.98748779296875,116.3507080078125,1216,-154,0.0,False
wx4ery,533,464,39.98199462890625,116.3616943359375,997,69,0.0,False
wx4erz,357,322,39.98748779296875,116.3616943359375,679,35,0.0,False
wx4es0,3,0,39.99298095703125,116.1968994140625,3,3,0.0,False
wx4es1,1,0,39.99847412109375,116.1968994140625,1,1,0.0,False
wx4es2,3,1,39.99298095703125,116.2078857421875,4,2,0.0,False
wx4es3,1,0,39.99847412109375,116.2078857421875,1,1,0.0,False
wx4es8,19,33,39.99298095703125,116.2188720703125,52,-14,0.0,False
wx4esb,7,0,39.99298095703125,116.2298583984375,7,7,0.0,False
wx4esc,3,3,39.99847412109375,116.2298583984375,6,0,0.0,False
wx4et1,15,9,39.99847412109375,116.2408447265625,24,6,0.0,False
wx4et2,3,0,39.99298095703125,116.2518310546875,3,3,0.0,False
wx4et4,1,0,40.00396728515625,116.2408447265625,1,1,0.0,False
wx4et6,1,3,40.00396728515625,116.2518310546875,4,-2,0.0,False
wx4et8,1,1,39.99298095703125,116.2628173828125,2,0,0.0,False
wx4et9,7,12,39.99847412109375,116.2628173828125,19,-5,0.0,False
wx4etd,7,4,40.00396728515625,116.2628173828125,11,3,0.0,False
wx4ete,2,1,40.00946044921875,116.2628173828125,3,1,0.0,False
wx4etf,41,35,40.00396728515625,116.2738037109375,76,6,0.0,False
wx4etg,1,8,40.00946044921875,116.2738037109375,9,-7,0.0,False
wx4ets,5,13,40.01495361328125,116.2628173828125,18,-8,0.0,False
wx4ett,4,0,40.02044677734375,116.2628173828125,4,4,0.0,False
wx4etu,19,22,40.01495361328125,116.2738037109375,41,-3,0.0,False
wx4etv,14,14,40.02044677734375,116.2738037109375,28,0,0.0,False
wx4etw,2,2,40.02593994140625,116.2628173828125,4,0,0.0,False
wx4etx,7,3,40.03143310546875,116.2628173828125,10,4,0.0,False
wx4ety,24,32,40.02593994140625,116.2738037109375,56,-8,0.0,False
wx4etz,41,58,40.03143310546875,116.2738037109375,99,-17,0.0,False
wx4eut,1,0,40.06439208984375,116.2188720703125,1,1,0.0,False
wx4euz,1,0,40.07537841796875,116.2298583984375,1,1,0.0,False
wx4ev3,4,10,40.04241943359375,116.2518310546875,14,-6,0.0,False
wx4ev4,2,1,40.04791259765625,116.2408447265625,3,1,0.0,False
wx4ev5,3,6,40.05340576171875,116.2408447265625,9,-3,0.0,False
wx4ev6,7,4,40.04791259765625,116.2518310546875,11,3,0.0,False
wx4ev7,2,4,40.05340576171875,116.2518310546875,6,-2,0.0,False
wx4ev8,2,3,40.03692626953125,116.2628173828125,5,-1,0.0,False
wx4ev9,3,0,40.04241943359375,116.2628173828125,3,3,0.0,False
wx4evb,10,0,40.03692626953125,116.2738037109375,10,10,0.0,False
wx4evc,9,1,40.04241943359375,116.2738037109375,10,8,0.0,False
wx4evd,5,17,40.04791259765625,116.2628173828125,22,-12,0.0,False
wx4eve,2,3,40.05340576171875,116.2628173828125,5,-1,0.0,False
wx4evf,1,6,40.04791259765625,116.2738037109375,7,-5,0.0,False
wx4evk,1,1,40.05889892578125,116.2518310546875,2,0,0.0,False
wx4evm,2,4,40.06439208984375,116.2518310546875,6,-2,0.0,False
wx4evp,7,2,40.07537841796875,116.2408447265625,9,5,0.0,False
wx4evv,3,7,40.06439208984375,116.2738037109375,10,-4,0.0,False
wx4evy,1,2,40.06988525390625,116.2738037109375,3,-1,0.0,False
wx4evz,2,0,40.07537841796875,116.2738037109375,2,2,0.0,False
wx4ew0,168,158,39.99298095703125,116.2847900390625,326,10,0.0,False
wx4ew1,180,126,39.99847412109375,116.2847900390625,306,54,0.0,False
wx4ew2,975,961,39.99298095703125,116.2957763671875,1936,14,0.0,False
wx4ew3,303,294,39.99847412109375,116.2957763671875,597,9,0.0,False
wx4ew4,123,108,40.00396728515625,116.2847900390625,231,15,0.0,False
wx4ew5,52,72,40.00946044921875,116.2847900390625,124,-20,0.0,False
wx4ew6,1,1,40.00396728515625,116.2957763671875,2,0,0.0,False
wx4ew8,2778,2030,39.99298095703125,116.3067626953125,4808,748,0.0,False
wx4ew9,533,442,39.99847412109375,116.3067626953125,975,91,0.0,False
wx4ewb,2724,2674,39.99298095703125,116.3177490234375,5398,50,0.0,False
wx4ewc,611,649,39.99847412109375,116.3177490234375,1260,-38,0.0,False
wx4ewf,114,171,40.00396728515625,116.3177490234375,285,-57,0.0,False
wx4ewg,46,74,40.00946044921875,116.3177490234375,120,-28,0.0,False
wx4ewh,26,47,40.01495361328125,116.2847900390625,73,-21,0.0,False
wx4ewj,59,77,40.02044677734375,116.2847900390625,136,-18,0.0,False
wx4ewm,9,13,40.02044677734375,116.2957763671875,22,-4,0.0,False
wx4ewn,18,23,40.02593994140625,116.2847900390625,41,-5,0.0,False
wx4ewp,7,13,40.03143310546875,116.2847900390625,20,-6,0.0,False
wx4ewq,28,48,40.02593994140625,116.2957763671875,76,-20,0.0,False
wx4ewr,14,17,40.03143310546875,116.2957763671875,31,-3,0.0,False
wx4ews,8,12,40.01495361328125,116.3067626953125,20,-4,0.0,False
wx4ewt,32,31,40.02044677734375,116.3067626953125,63,1,0.0,False
wx4ewu,105,190,40.01495361328125,116.3177490234375,295,-85,0.0,False
wx4ewv,64,107,40.02044677734375,116.3177490234375,171,-43,0.0,False
wx4eww,40,37,40.02593994140625,116.3067626953125,77,3,0.0,False
wx4ewx,26,42,40.03143310546875,116.3067626953125,68,-16,0.0,False
wx4ewy,37,36,40.02593994140625,116.3177490234375,73,1,0.0,False
wx4ewz,41,99,40.03143310546875,116.3177490234375,140,-58,0.0,False
wx4ex0,2169,2443,39.99298095703125,116.3287353515625,4612,-274,0.0,False
wx4ex1,346,320,39.99847412109375,116.3287353515625,666,26,0.0,False
wx4ex2,1390,1950,39.99298095703125,116.3397216796875,3340,-560,0.0,False
wx4ex3,624,926,39.99847412109375,116.3397216796875,1550,-302,0.0,False
wx4ex4,129,116,40.00396728515625,116.3287353515625,245,13,0.0,False
wx4ex5,90,154,40.00946044921875,116.3287353515625,244,-64,0.0,False
wx4ex6,131,142,40.00396728515625,116.3397216796875,273,-11,0.0,False
wx4ex7,79,111,40.00946044921875,116.3397216796875,190,-32,0.0,False
wx4ex8,171,272,39.99298095703125,116.3507080078125,443,-101,0.0,False
wx4ex9,235,314,39.99847412109375,116.3507080078125,549,-79,0.0,False
wx4exb,64,154,39.99298095703125,116.3616943359375,218,-90,0.0,False
wx4exc,29,54,39.99847412109375,116.3616943359375,83,-25,0.0,False
wx4exd,110,152,40.00396728515625,116.3507080078125,262,-42,0.0,False
wx4exe,81,149,40.00946044921875,116.3507080078125,230,-68,0.0,False
wx4exf,53,70,40.00396728515625,116.3616943359375,123,-17,0.0,False
wx4exg,7,24,40.00946044921875,116.3616943359375,31,-17,0.0,False
wx4exh,10,22,40.01495361328125,116.3287353515625,32,-12,0.0,False
wx4exj,5,9,40.02044677734375,116.3287353515625,14,-4,0.0,False
wx4exk,27,45,40.01495361328125,116.3397216796875,72,-18,0.0,False
wx4exm,10,12,40.02044677734375,116.3397216796875,22,-2,0.0,False
wx4exn,1,2,40.02593994140625,116.3287353515625,3,-1,0.0,False
wx4exp,15,50,40.03143310546875,116.3287353515625,65,-35,0.0,False
wx4exq,15,15,40.02593994140625,116.3397216796875,30,0,0.0,False
wx4exr,33,48,40.03143310546875,116.3397216796875,81,-15,0.0,False
wx4exs,63,91,40.01495361328125,116.3507080078125,154,-28,0.0,False
wx4ext,24,18,40.02044677734375,116.3507080078125,42,6,0.0,False
wx4exu,26,4,40.01495361328125,116.3616943359375,30,22,0.0,False
wx4exw,9,19,40.02593994140625,116.3507080078125,28,-10,0.0,False
wx4exx,44,69,40.03143310546875,116.3507080078125,113,-25,0.0,False
wx4exz,71,50,40.03143310546875,116.3616943359375,121,21,0.0,False
wx4ey0,1,1,40.03692626953125,116.2847900390625,2,0,0.0,False
wx4ey1,3,1,40.04241943359375,116.2847900390625,4,2,0.0,False
wx4ey2,5,2,40.03692626953125,116.2957763671875,7,3,0.0,False
wx4ey3,1,2,40.04241943359375,116.2957763671875,3,-1,0.0,False
wx4ey4,4,18,40.04791259765625,116.2847900390625,22,-14,0.0,False
wx4ey5,3,1,40.05340576171875,116.2847900390625,4,2,0.0,False
wx4ey6,6,14,40.04791259765625,116.2957763671875,20,-8,0.0,False
wx4ey7,7,9,40.05340576171875,116.2957763671875,16,-2,0.0,False
wx4ey8,24,32,40.03692626953125,116.3067626953125,56,-8,0.0,False
wx4ey9,44,18,40.04241943359375,116.3067626953125,62,26,0.0,False
wx4eyb,20,64,40.03692626953125,116.3177490234375,84,-44,0.0,False
wx4eyc,7,20,40.04241943359375,116.3177490234375,27,-13,0.0,False
wx4eyd,47,30,40.04791259765625,116.3067626953125,77,17,0.0,False
wx4eye,14,13,40.05340576171875,116.3067626953125,27,1,0.0,False
wx4eyf,9,19,40.04791259765625,116.3177490234375,28,-10,0.0,False
wx4eyg,1,11,40.05340576171875,116.3177490234375,12,-10,0.0,False
wx4eyk,2,1,40.05889892578125,116.2957763671875,3,1,0.0,False
wx4eyn,1,2,40.06988525390625,116.2847900390625,3,-1,0.0,False
wx4eyp,1,0,40.07537841796875,116.2847900390625,1,1,0.0,False
wx4eys,1,4,40.05889892578125,116.3067626953125,5,-3,0.0,False
wx4eyt,1,13,40.06439208984375,116.3067626953125,14,-12,0.0,False
wx4eyu,5,4,40.05889892578125,116.3177490234375,9,1,0.0,False
wx4eyv,5,5,40.06439208984375,116.3177490234375,10,0,0.0,False
wx4ez0,25,32,40.03692626953125,116.3287353515625,57,-7,0.0,False
wx4ez1,28,27,40.04241943359375,116.3287353515625,55,1,0.0,False
wx4ez2,8,28,40.03692626953125,116.3397216796875,36,-20,0.0,False
wx4ez3,5,15,40.04241943359375,116.3397216796875,20,-10,0.0,False
wx4ez4,13,16,40.04791259765625,116.3287353515625,29,-3,0.0,False
wx4ez5,3,16,40.05340576171875,116.3287353515625,19,-13,0.0,False
wx4ez6,3,3,40.04791259765625,116.3397216796875,6,0,0.0,False
wx4ez8,17,32,40.03692626953125,116.3507080078125,49,-15,0.0,False
wx4ez9,13,20,40.04241943359375,116.3507080078125,33,-7,0.0,False
wx4ezb,7,4,40.03692626953125,116.3616943359375,11,3,0.0,False
wx4ezc,3,0,40.04241943359375,116.3616943359375,3,3,0.0,False
wx4ezd,3,8,40.04791259765625,116.3507080078125,11,-5,0.0,False
wx4ezf,3,2,40.04791259765625,116.3616943359375,5,1,0.0,False
wx4ezg,3,1,40.05340576171875,116.3616943359375,4,2,0.0,False
wx4ezh,4,12,40.05889892578125,116.3287353515625,16,-8,0.0,False
wx4ezk,1,10,40.05889892578125,116.3397216796875,11,-9,0.0,False
wx4ezm,1,0,40.06439208984375,116.3397216796875,1,1,0.0,False
wx4ezq,1,15,40.06988525390625,116.3397216796875,16,-14,0.0,False
wx4ezs,1,5,40.05889892578125,116.3507080078125,6,-4,0.0,False
wx4ezt,1,4,40.06439208984375,116.3507080078125,5,-3,0.0,False
wx4ezv,1,3,40.06439208984375,116.3616943359375,4,-2,0.0,False
wx4ezw,2,0,40.06988525390625,116.3507080078125,2,2,0.0,False
wx4ezx,1,1,40.07537841796875,116.3507080078125,2,0,0.0,False
wx4g00,4,11,39.90509033203125,116.3726806640625,15,-7,0.0,False
wx4g01,11,10,39.91058349609375,116.3726806640625,21,1,0.0,False
wx4g02,5,5,39.90509033203125,116.3836669921875,10,0,0.0,False
wx4g04,9,6,39.91607666015625,116.3726806640625,15,3,0.0,False
wx4g05,1,9,39.92156982421875,116.3726806640625,10,-8,0.0,False
wx4g07,2,1,39.92156982421875,116.3836669921875,3,1,0.0,False
wx4g0e,1,1,39.92156982421875,116.3946533203125,2,0,0.0,False
wx4g0f,5,2,39.91607666015625,116.4056396484375,7,3,0.0,False
wx4g0h,7,19,39.92706298828125,116.3726806640625,26,-12,0.0,False
wx4g0j,16,29,39.93255615234375,116.3726806640625,45,-13,0.0,False
wx4g0k,3,2,39.92706298828125,116.3836669921875,5,1,0.0,False
wx4g0m,5,12,39.93255615234375,116.3836669921875,17,-7,0.0,False
wx4g0n,4,21,39.93804931640625,116.3726806640625,25,-17,0.0,False
wx4g0p,9,14,39.94354248046875,116.3726806640625,23,-5,0.0,False
wx4g0q,2,3,39.93804931640625,116.3836669921875,5,-1,0.0,False
wx4g0r,7,7,39.94354248046875,116.3836669921875,14,0,0.0,False
wx4g0s,1,3,39.92706298828125,116.3946533203125,4,-2,0.0,False
wx4g0t,9,13,39.93255615234375,116.3946533203125,22,-4,0.0,False
wx4g0u,1,1,39.92706298828125,116.4056396484375,2,0,0.0,False
wx4g0v,2,5,39.93255615234375,116.4056396484375,7,-3,0.0,False
wx4g0w,6,27,39.93804931640625,116.3946533203125,33,-21,0.0,False
wx4g0x,5,7,39.94354248046875,116.3946533203125,12,-2,0.0,False
wx4g0y,3,6,39.93804931640625,116.4056396484375,9,-3,0.0,False
wx4g0z,6,11,39.94354248046875,116.4056396484375,17,-5,0.0,False
wx4g10,1,0,39.90509033203125,116.4166259765625,1,1,0.0,False
wx4g11,2,1,39.91058349609375,116.4166259765625,3,1,0.0,False
wx4g14,3,0,39.91607666015625,116.4166259765625,3,3,0.0,False
wx4g16,1,0,39.91607666015625,116.4276123046875,1,1,0.0,False
wx4g1c,1,0,39.91058349609375,116.4495849609375,1,1,0.0,False
wx4g1d,1,0,39.91607666015625,116.4385986328125,1,1,0.0,False
wx4g1e,2,1,39.92156982421875,116.4385986328125,3,1,0.0,False
wx4g1f,2,0,39.91607666015625,116.4495849609375,2,2,0.0,False
wx4g1g,3,1,39.92156982421875,116.4495849609375,4,2,0.0,False
wx4g1j,1,3,39.93255615234375,116.4166259765625,4,-2,0.0,False
wx4g1k,1,2,39.92706298828125,116.4276123046875,3,-1,0.0,False
wx4g1m,1,1,39.93255615234375,116.4276123046875,2,0,0.0,False
wx4g1p,5,3,39.94354248046875,116.4166259765625,8,2,0.0,False
wx4g1r,1,1,39.94354248046875,116.4276123046875,2,0,0.0,False
wx4g1s,3,3,39.92706298828125,116.4385986328125,6,0,0.0,False
wx4g1t,2,3,39.93255615234375,116.4385986328125,5,-1,0.0,False
wx4g1u,1,1,39.92706298828125,116.4495849609375,2,0,0.0,False
wx4g1v,4,1,39.93255615234375,116.4495849609375,5,3,0.0,False
wx4g20,37,50,39.94903564453125,116.3726806640625,87,-13,0.0,False
wx4g21,43,57,39.95452880859375,116.3726806640625,100,-14,0.0,False
wx4g22,21,19,39.94903564453125,116.3836669921875,40,2,0.0,False
wx4g23,29,19,39.95452880859375,116.3836669921875,48,10,0.0,False
wx4g24,130,60,39.96002197265625,116.3726806640625,190,70,0.0,False
wx4g25,76,156,39.96551513671875,116.3726806640625,232,-80,0.0,False
wx4g26,16,48,39.96002197265625,116.3836669921875,64,-32,0.0,False
wx4g27,61,57,39.96551513671875,116.3836669921875,118,4,0.0,False
wx4g28,8,15,39.94903564453125,116.3946533203125,23,-7,0.0,False
wx4g29,5,12,39.95452880859375,116.3946533203125,17,-7,0.0,False
wx4g2b,5,8,39.94903564453125,116.4056396484375,13,-3,0.0,False
wx4g2c,2,11,39.95452880859375,116.4056396484375,13,-9,0.0,False
wx4g2d,5,6,39.96002197265625,116.3946533203125,11,-1,0.0,False
wx4g2e,46,24,39.96551513671875,116.3946533203125,70,22,0.0,False
wx4g2f,4,11,39.96002197265625,116.4056396484375,15,-7,0.0,False
wx4g2g,7,27,39.96551513671875,116.4056396484375,34,-20,0.0,False
wx4g2h,139,143,39.97100830078125,116.3726806640625,282,-4,0.0,False
wx4g2j,267,331,39.97650146484375,116.3726806640625,598,-64,0.0,False
wx4g2k,85,69,39.97100830078125,116.3836669921875,154,16,0.0,False
wx4g2m,160,112,39.97650146484375,116.3836669921875,272,48,0.0,False
wx4g2n,139,188,39.98199462890625,116.3726806640625,327,-49,0.0,False
wx4g2p,65,80,39.98748779296875,116.3726806640625,145,-15,0.0,False
wx4g2q,66,117,39.98199462890625,116.3836669921875,183,-51,0.0,False
wx4g2r,25,38,39.98748779296875,116.3836669921875,63,-13,0.0,False
wx4g2s,48,26,39.97100830078125,116.3946533203125,74,22,0.0,False
wx4g2t,38,55,39.97650146484375,116.3946533203125,93,-17,0.0,False
wx4g2u,40,55,39.97100830078125,116.4056396484375,95,-15,0.0,False
wx4g2v,33,55,39.97650146484375,116.4056396484375,88,-22,0.0,False
wx4g2w,11,14,39.98199462890625,116.3946533203125,25,-3,0.0,False
wx4g2x,7,9,39.98748779296875,116.3946533203125,16,-2,0.0,False
wx4g2y,3,14,39.98199462890625,116.4056396484375,17,-11,0.0,False
wx4g2z,13,12,39.98748779296875,116.4056396484375,25,1,0.0,False
wx4g30,6,10,39.94903564453125,116.4166259765625,16,-4,0.0,False
wx4g31,3,7,39.95452880859375,116.4166259765625,10,-4,0.0,False
wx4g32,4,4,39.94903564453125,116.4276123046875,8,0,0.0,False
wx4g33,4,8,39.95452880859375,116.4276123046875,12,-4,0.0,False
wx4g34,8,10,39.96002197265625,116.4166259765625,18,-2,0.0,False
wx4g35,10,10,39.96551513671875,116.4166259765625,20,0,0.0,False
wx4g37,2,3,39.96551513671875,116.4276123046875,5,-1,0.0,False
wx4g39,5,3,39.95452880859375,116.4385986328125,8,2,0.0,False
wx4g3c,2,4,39.95452880859375,116.4495849609375,6,-2,0.0,False
wx4g3d,8,4,39.96002197265625,116.4385986328125,12,4,0.0,False
wx4g3e,9,7,39.96551513671875,116.4385986328125,16,2,0.0,False
wx4g3f,4,11,39.96002197265625,116.4495849609375,15,-7,0.0,False
wx4g3g,5,6,39.96551513671875,116.4495849609375,11,-1,0.0,False
wx4g3h,26,37,39.97100830078125,116.4166259765625,63,-11,0.0,False
wx4g3j,18,26,39.97650146484375,116.4166259765625,44,-8,0.0,False
wx4g3k,3,13,39.97100830078125,116.4276123046875,16,-10,0.0,False
wx4g3m,9,16,39.97650146484375,116.4276123046875,25,-7,0.0,False
wx4g3n,7,38,39.98199462890625,116.4166259765625,45,-31,0.0,False
wx4g3p,15,34,39.98748779296875,116.4166259765625,49,-19,0.0,False
wx4g3q,14,15,39.98199462890625,116.4276123046875,29,-1,0.0,False
wx4g3r,26,20,39.98748779296875,116.4276123046875,46,6,0.0,False
wx4g3s,7,11,39.97100830078125,116.4385986328125,18,-4,0.0,False
wx4g3t,3,11,39.97650146484375,116.4385986328125,14,-8,0.0,False
wx4g3u,3,16,39.97100830078125,116.4495849609375,19,-13,0.0,False
wx4g3w,3,3,39.98199462890625,116.4385986328125,6,0,0.0,False
wx4g3x,10,16,39.98748779296875,116.4385986328125,26,-6,0.0,False
wx4g43,1,1,39.91058349609375,116.4715576171875,2,0,0.0,False
wx4g44,1,1,39.91607666015625,116.4605712890625,2,0,0.0,False
wx4g45,4,2,39.92156982421875,116.4605712890625,6,2,0.0,False
wx4g46,1,0,39.91607666015625,116.4715576171875,1,1,0.0,False
wx4g4j,14,8,39.93255615234375,116.4605712890625,22,6,0.0,False
wx4g4k,1,3,39.92706298828125,116.4715576171875,4,-2,0.0,False
wx4g4m,1,5,39.93255615234375,116.4715576171875,6,-4,0.0,False
wx4g4n,1,4,39.93804931640625,116.4605712890625,5,-3,0.0,False
wx4g4p,1,3,39.94354248046875,116.4605712890625,4,-2,0.0,False
wx4g4q,1,0,39.93804931640625,116.4715576171875,1,1,0.0,False
wx4g4u,1,1,39.92706298828125,116.4935302734375,2,0,0.0,False
wx4g4v,1,1,39.93255615234375,116.4935302734375,2,0,0.0,False
wx4g54,1,1,39.91607666015625,116.5045166015625,2,0,0.0,False
wx4g57,2,1,39.92156982421875,116.5155029296875,3,1,0.0,False
wx4g5b,1,0,39.90509033203125,116.5374755859375,1,1,0.0,False
wx4g60,1,9,39.94903564453125,116.4605712890625,10,-8,0.0,False
wx4g61,4,4,39.95452880859375,116.4605712890625,8,0,0.0,False
wx4g62,4,3,39.94903564453125,116.4715576171875,7,1,0.0,False
wx4g63,1,0,39.95452880859375,116.4715576171875,1,1,0.0,False
wx4g64,3,4,39.96002197265625,116.4605712890625,7,-1,0.0,False
wx4g6h,1,0,39.97100830078125,116.4605712890625,1,1,0.0,False
wx4g6k,1,1,39.97100830078125,116.4715576171875,2,0,0.0,False
wx4g6p,2,2,39.98748779296875,116.4605712890625,4,0,0.0,False
wx4g6q,1,1,39.98199462890625,116.4715576171875,2,0,0.0,False
wx4g6t,2,2,39.97650146484375,116.4825439453125,4,0,0.0,False
wx4g6u,1,0,39.97100830078125,116.4935302734375,1,1,0.0,False
wx4g6x,1,3,39.98748779296875,116.4825439453125,4,-2,0.0,False
wx4g71,1,0,39.95452880859375,116.5045166015625,1,1,0.0,False
wx4g80,48,64,39.99298095703125,116.3726806640625,112,-16,0.0,False
wx4g81,27,32,39.99847412109375,116.3726806640625,59,-5,0.0,False
wx4g82,13,40,39.99298095703125,116.3836669921875,53,-27,0.0,False
wx4g83,18,27,39.99847412109375,116.3836669921875,45,-9,0.0,False
wx4g84,45,59,40.00396728515625,116.3726806640625,104,-14,0.0,False
wx4g85,5,21,40.00946044921875,116.3726806640625,26,-16,0.0,False
wx4g86,28,56,40.00396728515625,116.3836669921875,84,-28,0.0,False
wx4g87,5,2,40.00946044921875,116.3836669921875,7,3,0.0,False
wx4g88,2,7,39.99298095703125,116.3946533203125,9,-5,0.0,False
wx4g89,4,7,39.99847412109375,116.3946533203125,11,-3,0.0,False
wx4g8b,26,28,39.99298095703125,116.4056396484375,54,-2,0.0,False
wx4g8c,8,15,39.99847412109375,116.4056396484375,23,-7,0.0,False
wx4g8d,9,20,40.00396728515625,116.3946533203125,29,-11,0.0,False
wx4g8e,10,12,40.00946044921875,116.3946533203125,22,-2,0.0,False
wx4g8f,8,20,40.00396728515625,116.4056396484375,28,-12,0.0,False
wx4g8g,1,4,40.00946044921875,116.4056396484375,5,-3,0.0,False
wx4g8h,5,9,40.01495361328125,116.3726806640625,14,-4,0.0,False
wx4g8j,1,6,40.02044677734375,116.3726806640625,7,-5,0.0,False
wx4g8p,4,6,40.03143310546875,116.3726806640625,10,-2,0.0,False
wx4g8v,1,0,40.02044677734375,116.4056396484375,1,1,0.0,False
wx4g90,3,16,39.99298095703125,116.4166259765625,19,-13,0.0,False
wx4g91,6,12,39.99847412109375,116.4166259765625,18,-6,0.0,False
wx4g92,12,13,39.99298095703125,116.4276123046875,25,-1,0.0,False
wx4g93,5,6,39.99847412109375,116.4276123046875,11,-1,0.0,False
wx4g94,1,14,40.00396728515625,116.4166259765625,15,-13,0.0,False
wx4g96,1,4,40.00396728515625,116.4276123046875,5,-3,0.0,False
wx4g98,35,4,39.99298095703125,116.4385986328125,39,31,0.0,False
wx4g99,2,3,39.99847412109375,116.4385986328125,5,-1,0.0,False
wx4g9h,1,1,40.01495361328125,116.4166259765625,2,0,0.0,False
wx4g9n,1,7,40.02593994140625,116.4166259765625,8,-6,0.0,False
wx4g9p,2,6,40.03143310546875,116.4166259765625,8,-4,0.0,False
wx4g9r,1,1,40.03143310546875,116.4276123046875,2,0,0.0,False
wx4g9w,1,0,40.02593994140625,116.4385986328125,1,1,0.0,False
wx4gb0,13,15,40.03692626953125,116.3726806640625,28,-2,0.0,False
wx4gb7,1,2,40.05340576171875,116.3836669921875,3,-1,0.0,False
wx4gbb,1,1,40.03692626953125,116.4056396484375,2,0,0.0,False
wx4gbc,2,1,40.04241943359375,116.4056396484375,3,1,0.0,False
wx4gbd,1,0,40.04791259765625,116.3946533203125,1,1,0.0,False
wx4gbf,3,2,40.04791259765625,116.4056396484375,5,1,0.0,False
wx4gbh,4,3,40.05889892578125,116.3726806640625,7,1,0.0,False
wx4gbj,3,5,40.06439208984375,116.3726806640625,8,-2,0.0,False
wx4gbk,1,1,40.05889892578125,116.3836669921875,2,0,0.0,False
wx4gbz,1,0,40.07537841796875,116.4056396484375,1,1,0.0,False
wx4gc0,1,1,40.03692626953125,116.4166259765625,2,0,0.0,False
wx4gc1,1,2,40.04241943359375,116.4166259765625,3,-1,0.0,False
wx4gc5,1,3,40.05340576171875,116.4166259765625,4,-2,0.0,False
wx4gcj,1,1,40.06439208984375,116.4166259765625,2,0,0.0,False
wx4gcp,1,3,40.07537841796875,116.4166259765625,4,-2,0.0,False
wx4gcw,1,0,40.06988525390625,116.4385986328125,1,1,0.0,False
wx4gd0,4,1,39.99298095703125,116.4605712890625,5,3,0.0,False
wx4gd1,4,2,39.99847412109375,116.4605712890625,6,2,0.0,False
wx4gd2,2,0,39.99298095703125,116.4715576171875,2,2,0.0,False
wx4gd3,1,3,39.99847412109375,116.4715576171875,4,-2,0.0,False
wx4gd5,4,1,40.00946044921875,116.4605712890625,5,3,0.0,False
wx4gd9,1,1,39.99847412109375,116.4825439453125,2,0,0.0,False
wx4gdd,1,2,40.00396728515625,116.4825439453125,3,-1,0.0,False
wx4gew,1,0,40.02593994140625,116.5264892578125,1,1,0.0,False
wx4ghe,1,0,39.92156982421875,116.5704345703125,1,1,0.0,False
wx4ghs,1,0,39.92706298828125,116.5704345703125,1,1,0.0,False
wx4gj5,1,0,39.92156982421875,116.5924072265625,1,1,0.0,False
wx4gj7,1,0,39.92156982421875,116.6033935546875,1,1,0.0,False
wx4gjh,1,0,39.92706298828125,116.5924072265625,1,1,0.0,False
wx4gjk,1,1,39.92706298828125,116.6033935546875,2,0,0.0,False
wx4gk5,2,0,39.96551513671875,116.5484619140625,2,2,0.0,False
wx4e4w,0,1,39.93804931640625,116.1309814453125,1,-1,0.0,False
wx4e52,0,1,39.90509033203125,116.1639404296875,1,-1,0.0,False
wx4e55,0,1,39.92156982421875,116.1529541015625,1,-1,0.0,False
wx4e5g,0,1,39.92156982421875,116.1859130859375,1,-1,0.0,False
wx4e5w,0,1,39.93804931640625,116.1749267578125,1,-1,0.0,False
wx4e5y,0,2,39.93804931640625,116.1859130859375,2,-2,0.0,False
wx4eh5,0,6,39.92156982421875,116.1968994140625,6,-6,0.0,False
wx4eh7,0,1,39.92156982421875,116.2078857421875,1,-1,0.0,False
wx4ehn,0,1,39.93804931640625,116.1968994140625,1,-1,0.0,False
wx4ehp,0,1,39.94354248046875,116.1968994140625,1,-1,0.0,False
wx4ehq,0,1,39.93804931640625,116.2078857421875,1,-1,0.0,False
wx4eht,0,3,39.93255615234375,116.2188720703125,3,-3,0.0,False
wx4ej3,0,5,39.91058349609375,116.2518310546875,5,-5,0.0,False
wx4ejp,0,1,39.94354248046875,116.2408447265625,1,-1,0.0,False
wx4ejw,0,3,39.93804931640625,116.2628173828125,3,-3,0.0,False
wx4ekd,0,2,39.96002197265625,116.2188720703125,2,-2,0.0,False
wx4ekg,0,1,39.96551513671875,116.2298583984375,1,-1,0.0,False
wx4ekw,0,1,39.98199462890625,116.2188720703125,1,-1,0.0,False
wx4em4,0,1,39.96002197265625,116.2408447265625,1,-1,0.0,False
wx4em6,0,2,39.96002197265625,116.2518310546875,2,-2,0.0,False
wx4emn,0,5,39.98199462890625,116.2408447265625,5,-5,0.0,False
wx4et0,0,1,39.99298095703125,116.2408447265625,1,-1,0.0,False
wx4et3,0,1,39.99847412109375,116.2518310546875,1,-1,0.0,False
wx4etc,0,1,39.99847412109375,116.2738037109375,1,-1,0.0,False
wx4eu1,0,1,40.04241943359375,116.1968994140625,1,-1,0.0,False
wx4eu3,0,1,40.04241943359375,116.2078857421875,1,-1,0.0,False
wx4eu9,0,4,40.04241943359375,116.2188720703125,4,-4,0.0,False
wx4euc,0,1,40.04241943359375,116.2298583984375,1,-1,0.0,False
wx4eur,0,1,40.07537841796875,116.2078857421875,1,-1,0.0,False
wx4euy,0,1,40.06988525390625,116.2298583984375,1,-1,0.0,False
wx4ev0,0,1,40.03692626953125,116.2408447265625,1,-1,0.0,False
wx4evg,0,1,40.05340576171875,116.2738037109375,1,-1,0.0,False
wx4evj,0,1,40.06439208984375,116.2408447265625,1,-1,0.0,False
wx4evn,0,2,40.06988525390625,116.2408447265625,2,-2,0.0,False
wx4evq,0,4,40.06988525390625,116.2518310546875,4,-4,0.0,False
wx4evw,0,1,40.06988525390625,116.2628173828125,1,-1,0.0,False
wx4ewe,0,1,40.00946044921875,116.3067626953125,1,-1,0.0,False
wx4ewk,0,1,40.01495361328125,116.2957763671875,1,-1,0.0,False
wx4exv,0,2,40.02044677734375,116.3616943359375,2,-2,0.0,False
wx4exy,0,1,40.02593994140625,116.3616943359375,1,-1,0.0,False
wx4eym,0,1,40.06439208984375,116.2957763671875,1,-1,0.0,False
wx4eyw,0,4,40.06988525390625,116.3067626953125,4,-4,0.0,False
wx4eyx,0,4,40.07537841796875,116.3067626953125,4,-4,0.0,False
wx4eyy,0,22,40.06988525390625,116.3177490234375,22,-22,0.0,False
wx4eyz,0,2,40.07537841796875,116.3177490234375,2,-2,0.0,False
wx4ez7,0,2,40.05340576171875,116.3397216796875,2,-2,0.0,False
wx4eze,0,5,40.05340576171875,116.3507080078125,5,-5,0.0,False
wx4ezn,0,7,40.06988525390625,116.3287353515625,7,-7,0.0,False
wx4ezp,0,8,40.07537841796875,116.3287353515625,8,-8,0.0,False
wx4ezr,0,2,40.07537841796875,116.3397216796875,2,-2,0.0,False
wx4ezu,0,4,40.05889892578125,116.3616943359375,4,-4,0.0,False
wx4ezy,0,6,40.06988525390625,116.3616943359375,6,-6,0.0,False
wx4ezz,0,8,40.07537841796875,116.3616943359375,8,-8,0.0,False
wx4g03,0,1,39.91058349609375,116.3836669921875,1,-1,0.0,False
wx4g06,0,1,39.91607666015625,116.3836669921875,1,-1,0.0,False
wx4g08,0,1,39.90509033203125,116.3946533203125,1,-1,0.0,False
wx4g09,0,1,39.91058349609375,116.3946533203125,1,-1,0.0,False
wx4g0b,0,3,39.90509033203125,116.4056396484375,3,-3,0.0,False
wx4g0c,0,4,39.91058349609375,116.4056396484375,4,-4,0.0,False
wx4g0g,0,5,39.92156982421875,116.4056396484375,5,-5,0.0,False
wx4g13,0,2,39.91058349609375,116.4276123046875,2,-2,0.0,False
wx4g15,0,1,39.92156982421875,116.4166259765625,1,-1,0.0,False
wx4g17,0,1,39.92156982421875,116.4276123046875,1,-1,0.0,False
wx4g19,0,2,39.91058349609375,116.4385986328125,2,-2,0.0,False
wx4g1h,0,6,39.92706298828125,116.4166259765625,6,-6,0.0,False
wx4g1n,0,4,39.93804931640625,116.4166259765625,4,-4,0.0,False
wx4g1q,0,1,39.93804931640625,116.4276123046875,1,-1,0.0,False
wx4g1x,0,1,39.94354248046875,116.4385986328125,1,-1,0.0,False
wx4g1y,0,1,39.93804931640625,116.4495849609375,1,-1,0.0,False
wx4g1z,0,1,39.94354248046875,116.4495849609375,1,-1,0.0,False
wx4g36,0,16,39.96002197265625,116.4276123046875,16,-16,0.0,False
wx4g38,0,2,39.94903564453125,116.4385986328125,2,-2,0.0,False
wx4g3b,0,1,39.94903564453125,116.4495849609375,1,-1,0.0,False
wx4g3v,0,1,39.97650146484375,116.4495849609375,1,-1,0.0,False
wx4g3y,0,6,39.98199462890625,116.4495849609375,6,-6,0.0,False
wx4g3z,0,3,39.98748779296875,116.4495849609375,3,-3,0.0,False
wx4g40,0,1,39.90509033203125,116.4605712890625,1,-1,0.0,False
wx4g41,0,2,39.91058349609375,116.4605712890625,2,-2,0.0,False
wx4g49,0,1,39.91058349609375,116.4825439453125,1,-1,0.0,False
wx4g4c,0,1,39.91058349609375,116.4935302734375,1,-1,0.0,False
wx4g4d,0,1,39.91607666015625,116.4825439453125,1,-1,0.0,False
wx4g4f,0,1,39.91607666015625,116.4935302734375,1,-1,0.0,False
wx4g4g,0,1,39.92156982421875,116.4935302734375,1,-1,0.0,False
wx4g4h,0,2,39.92706298828125,116.4605712890625,2,-2,0.0,False
wx4g4r,0,1,39.94354248046875,116.4715576171875,1,-1,0.0,False
wx4g4s,0,3,39.92706298828125,116.4825439453125,3,-3,0.0,False
wx4g65,0,1,39.96551513671875,116.4605712890625,1,-1,0.0,False
wx4g67,0,1,39.96551513671875,116.4715576171875,1,-1,0.0,False
wx4g6c,0,1,39.95452880859375,116.4935302734375,1,-1,0.0,False
wx4g6d,0,1,39.96002197265625,116.4825439453125,1,-1,0.0,False
wx4g6j,0,2,39.97650146484375,116.4605712890625,2,-2,0.0,False
wx4g6n,0,3,39.98199462890625,116.4605712890625,3,-3,0.0,False
wx4g6r,0,1,39.98748779296875,116.4715576171875,1,-1,0.0,False
wx4g6s,0,2,39.97100830078125,116.4825439453125,2,-2,0.0,False
wx4g6v,0,1,39.97650146484375,116.4935302734375,1,-1,0.0,False
wx4g6y,0,1,39.98199462890625,116.4935302734375,1,-1,0.0,False
wx4g8n,0,4,40.02593994140625,116.3726806640625,4,-4,0.0,False
wx4g8u,0,1,40.01495361328125,116.4056396484375,1,-1,0.0,False
wx4g8x,0,2,40.03143310546875,116.3946533203125,2,-2,0.0,False
wx4g8z,0,2,40.03143310546875,116.4056396484375,2,-2,0.0,False
wx4g95,0,1,40.00946044921875,116.4166259765625,1,-1,0.0,False
wx4g9c,0,2,39.99847412109375,116.4495849609375,2,-2,0.0,False
wx4g9f,0,1,40.00396728515625,116.4495849609375,1,-1,0.0,False
wx4gb1,0,1,40.04241943359375,116.3726806640625,1,-1,0.0,False
wx4gb5,0,2,40.05340576171875,116.3726806640625,2,-2,0.0,False
wx4gb8,0,1,40.03692626953125,116.3946533203125,1,-1,0.0,False
wx4gbg,0,3,40.05340576171875,116.4056396484375,3,-3,0.0,False
wx4gbp,0,1,40.07537841796875,116.3726806640625,1,-1,0.0,False
wx4gbu,0,1,40.05889892578125,116.4056396484375,1,-1,0.0,False
wx4gbv,0,1,40.06439208984375,116.4056396484375,1,-1,0.0,False
wx4gby,0,1,40.06988525390625,116.4056396484375,1,-1,0.0,False
wx4gc2,0,2,40.03692626953125,116.4276123046875,2,-2,0.0,False
wx4gc3,0,1,40.04241943359375,116.4276123046875,1,-1,0.0,False
wx4gc4,0,1,40.04791259765625,116.4166259765625,1,-1,0.0,False
wx4gc7,0,1,40.05340576171875,116.4276123046875,1,-1,0.0,False
wx4gc9,0,1,40.04241943359375,116.4385986328125,1,-1,0.0,False
wx4gcd,0,1,40.04791259765625,116.4385986328125,1,-1,0.0,False
wx4gcr,0,2,40.07537841796875,116.4276123046875,2,-2,0.0,False
wx4gd6,0,2,40.00396728515625,116.4715576171875,2,-2,0.0,False
wx4gdk,0,2,40.01495361328125,116.4715576171875,2,-2,0.0,False
wx4gdm,0,1,40.02044677734375,116.4715576171875,1,-1,0.0,False
wx4gek,0,1,40.01495361328125,116.5155029296875,1,-1,0.0,False
wx4gep,0,1,40.03143310546875,116.5045166015625,1,-1,0.0,False
wx4gf9,0,1,40.04241943359375,116.4825439453125,1,-1,0.0,False
wx4gn6,0,1,39.91607666015625,116.6473388671875,1,-1,0.0,False
