arc,lat,lon,length_m,n,n_in,n_out,per_km,share_pct
23,39.985,116.3175,341.23910997098733,16855,8864,7991,49393.51764641819,8.878669595495083
2,39.9705,116.3065,947.9662525070771,16268,7459,8809,17160.94845884669,8.569456955177337
25,39.985,116.3095,341.23910997098733,12185,6997,5188,35708.099229997366,6.418664433171616
26,39.985,116.3055,395.56045270497253,10976,6650,4326,27747.971074819285,5.781802283011215
24,39.985,116.3135,341.23910996977503,10671,5813,4858,31271.32760645512,5.621138134294157
16,39.979,116.3395,668.7040120531258,10103,4932,5171,15108.328674417102,5.321934080289933
8,39.968,116.3245,341.23910997098733,9147,4345,4802,26805.251018201554,4.818344158409583
7,39.9675,116.3215,310.25067521254437,8386,4392,3994,27029.755839386904,4.4174739381680075
3,39.963499999999996,116.3095,364.5720179463794,8347,4326,4021,22895.33916239195,4.396929997840252
1,39.9725,116.3035,364.5720179463794,7819,3331,4488,21447.065641636833,4.1187966518644945
22,39.985,116.3215,341.23910996977503,7501,3450,4051,21981.653863369866,3.9512845230381854
0,39.977999999999994,116.3015,888.4253601380568,7292,3566,3726,8207.780109819085,3.841190073589448
6,39.966499999999996,116.3185,310.2506752119226,6133,2941,3192,19767.886067647516,3.23066630846463
20,39.985,116.3295,341.23910997098733,5795,2515,3280,16982.22692144725,3.052618825624088
21,39.985,116.3255,341.23910997098733,5707,2435,3272,16724.34323394296,3.0062632679614616
12,39.968,116.34049999999999,341.23910997098733,4697,1781,2916,13764.541820541455,2.4742278902426817
5,39.965500000000006,116.3155,310.2506752119226,4661,2270,2391,15023.335555406013,2.455264253017062
9,39.968,116.32849999999999,341.23910997098733,4592,2014,2578,13456.839693405656,2.4189172816679574
4,39.9645,116.3125,310.25067521133207,4449,2335,2114,14340.017139268093,2.3435895004661895
15,39.9745,116.34049999999999,342.4172637816545,4368,1989,2379,12756.36617079358,2.3009213167085445
10,39.968,116.3325,341.23910996977503,3816,1865,1951,11182.774449089377,2.0101455459157065
19,39.985,116.3325,310.2506752119226,3787,1497,2290,12206.25868876262,1.9948692825950685
11,39.968,116.3365,341.23910997098733,3396,1631,1765,9951.965940506447,1.7889031116168082
17,39.983999999999995,116.3385,450.3145830813133,3263,1482,1781,7246.045592555905,1.718843007422157
27,39.984,116.3015,391.6995549851577,2929,1505,1424,7477.669971085328,1.5429025953844615
18,39.986,116.3365,341.23910996977503,2426,1124,1302,7109.384385086695,1.2779384419264948
13,39.968,116.3435,306.3897774913223,2154,1141,1013,7030.260662208308,1.1346576273329225
14,39.9715,116.3425,418.89336068098635,2114,847,1267,5046.630475506495,1.1135869193044559
