edge,lat,lon,length_m,n,n_in,n_out,per_km
72,39.985,116.3155,85.30977749304992,7287,4646,2641,85418.11049259461
77,39.985,116.3105,85.30977749304992,3920,2287,1633,45950.184318782885
82,39.985,116.3055,85.3097774918376,3687,2427,1260,43218.961629020436
70,39.985,116.3175,85.30977749304992,3378,1531,1847,39596.868017563414
71,39.985,116.31649999999999,85.3097774918376,3370,1395,1975,39503.092131759935
78,39.985,116.3095,85.30977749304992,3132,1889,1243,36713.25951184388
24,39.968,116.3255,85.3097774918376,3040,1526,1514,35634.83681915436
76,39.985,116.3115,85.3097774918376,2949,1659,1290,34568.13611173889
7,39.963499999999996,116.30850000000001,139.63112022629443,4760,2393,2367,34089.82175524814
69,39.985,116.3185,85.30977749304992,2820,1292,1528,33055.999943614224
21,39.968,116.32249999999999,85.3097774918376,2785,1487,1298,32645.730441231874
79,39.985,116.30850000000001,85.3097774918376,2742,1540,1202,32141.68505201357
5,39.9705,116.3065,139.6311202270351,4377,1786,2591,31346.880214691093
75,39.985,116.3125,85.30977749304992,2600,1467,1133,30477.16306858049
74,39.985,116.3135,85.3097774918376,2574,1356,1218,30172.391438323462
73,39.985,116.3145,85.30977749304992,2548,1331,1217,29867.619807208877
22,39.968,116.3235,85.30977749304992,2393,1089,1304,28050.712008889655
80,39.985,116.3075,85.30977749304992,2391,1281,1110,28027.26803729844
81,39.985,116.3065,85.30977749304992,2368,1339,1029,27757.662363999458
18,39.967,116.3195,85.3097774918376,2291,1073,1218,26855.06945811929
68,39.985,116.3195,85.3097774918376,2278,1035,1243,26702.68364277422
20,39.9675,116.3215,139.6311202276569,3637,1974,1663,26047.202042568835
3,39.972,116.3045,85.30977749304992,2218,867,1351,25999.36449465828
23,39.968,116.3245,85.30977749304992,2137,1003,1134,25049.88364521404
4,39.9715,116.3055,139.6311202269162,3405,1433,1972,24385.68131850904
19,39.967,116.3205,85.30977749304992,1964,931,1033,23021.980102573874
84,39.9845,116.3035,139.6311202270351,3200,1863,1337,22917.52723029735
2,39.9725,116.3035,139.6311202270351,3100,1278,1822,22201.354504350555
67,39.985,116.3205,85.30977749304992,1863,850,1013,21838.05953721748
9,39.964,116.3105,85.30977749304992,1862,970,892,21826.33755142187
60,39.985,116.3275,85.30977749304992,1746,761,985,20466.587199131358
65,39.985,116.32249999999999,85.3097774918376,1733,789,944,20314.20138407714
83,39.985,116.3045,85.30977749304992,1721,1021,700,20173.53755424116
66,39.985,116.3215,85.30977749304992,1627,776,851,19071.67088945402
16,39.966,116.3175,85.30977749304992,1591,746,845,18649.679400812136
61,39.985,116.3265,85.30977749304992,1580,699,881,18520.73755706045
25,39.968,116.3265,85.30977749304992,1577,727,850,18485.571599673625
41,39.968,116.3425,85.30977749304992,1552,535,1017,18192.521954783428
1,39.9735,116.30250000000001,139.63112022629443,2501,1186,1315,17911.479876024285
14,39.965500000000006,116.3155,139.6311202270351,2470,1219,1251,17689.466330885767
59,39.985,116.32849999999999,85.3097774918376,1461,633,828,17125.821247626485
26,39.968,116.3275,85.30977749304992,1457,704,753,17078.93330420068
10,39.964,116.3115,85.3097774918376,1400,710,690,16410.780114084246
55,39.985,116.3325,85.30977749304992,1400,534,866,16410.780113851033
63,39.985,116.3245,85.30977749304992,1396,584,812,16363.8921706686
58,39.985,116.3295,85.30977749304992,1376,632,744,16129.452454756443
17,39.966499999999996,116.3185,139.6311202270351,2251,1122,1129,16121.04806106229
62,39.985,116.3255,85.3097774918376,1375,531,844,16117.730469189883
64,39.985,116.3235,85.30977749304992,1356,621,735,15895.012738844285
48,39.979,116.3395,668.7040120531258,10103,4932,5171,15108.328674417102
11,39.9645,116.3125,139.6311202276569,2055,1099,956,14717.349518141038
27,39.968,116.32849999999999,85.3097774918376,1254,456,798,14699.370187901173
30,39.968,116.3315,85.3097774918376,1243,585,658,14570.428344147655
38,39.968,116.3395,85.30977749304992,1239,478,761,14523.540400758164
85,39.984,116.30250000000001,85.3097774918376,1219,654,565,14289.100685049067
57,39.985,116.3305,85.30977749304992,1212,489,723,14207.04678427675
15,39.966,116.31649999999999,85.3097774918376,1211,564,647,14195.324798682872
56,39.985,116.3315,85.3097774918376,1160,456,704,13597.503523098374
35,39.968,116.3365,85.30977749304992,1098,618,480,12870.740403577453
47,39.9745,116.34049999999999,342.4172637816545,4368,1989,2379,12756.36617079358
6,39.967,116.3075,668.7040120531258,8486,4240,4246,12690.21846294205
8,39.963499999999996,116.3095,139.6311202270351,1725,963,762,12353.979522582164
39,39.968,116.34049999999999,85.3097774918376,1010,410,600,11839.205653732206
12,39.965,116.3135,85.3097774918376,994,526,468,11651.653880999815
13,39.965,116.3145,85.30977749304992,980,487,493,11487.546079695721
28,39.968,116.3295,85.30977749304992,943,411,532,11053.83260525823
29,39.968,116.3305,85.30977749304992,938,443,495,10995.222676280191
37,39.968,116.3385,85.30977749304992,912,322,590,10690.451045594386
53,39.986,116.33449999999999,85.3097774918376,907,435,472,10631.841116767437
40,39.968,116.3415,85.30977749304992,896,358,538,10502.89927286466
31,39.968,116.3325,85.30977749304992,894,423,471,10479.455301273445
32,39.968,116.3335,85.30977749304992,893,479,414,10467.733315477837
33,39.968,116.33449999999999,85.3097774918376,786,378,408,9213.480835478726
86,39.984,116.3015,85.30977749304992,759,384,375,8896.987218866381
54,39.9855,116.3335,139.6311202270351,1227,507,720,8787.439347367139
36,39.968,116.3375,85.3097774918376,744,365,379,8721.1574320562
43,39.969,116.344,221.07999999948476,1819,970,849,8227.790844962183
0,39.977999999999994,116.3015,888.4253601380568,7292,3566,3726,8207.780109819085
52,39.986,116.3355,85.30977749304992,695,310,385,8146.780127947476
34,39.968,116.3355,85.30977749304992,642,326,316,7525.514880780259
49,39.983999999999995,116.3385,450.3145830813133,3263,1482,1781,7246.045592555905
46,39.9725,116.3415,139.6311202270351,958,368,590,6860.934714570269
51,39.986,116.3365,85.30977749304992,417,174,243,4888.068076768486
45,39.9715,116.3425,139.6311202276569,673,280,393,4819.842445600447
50,39.986,116.3375,85.3097774918376,407,205,202,4770.848218880205
87,39.983000000000004,116.301,221.0800000002702,951,467,484,4301.610276817612
42,39.968,116.3435,85.3097774918376,335,171,164,3926.8652415844444
44,39.9705,116.3435,139.63112022629443,483,199,284,3459.1142663413552
