,n_inflow,n_outflow,net,lat,lon
wx4eqx,11770,6798,4972,39.9874270041311,116.30768561221424
wx4eqz,5677,5510,167,39.98719888357539,116.31650554434565
wx4eqg,5271,4859,412,39.96595077102131,116.32025952629563
wx4er5,5231,5650,-419,39.966849983593086,116.32695189125792
wx4erp,4560,5712,-1152,39.98754068424827,116.32846024161891
wx4eqe,4525,4632,-107,39.965451309035494,116.30723230772914
wx4ew8,2791,2029,762,39.99208540866897,116.30591964174965
wx4eqs,2775,3582,-807,39.97052279291926,116.3039942767169
wx4ewb,2716,2670,46,39.9920349233456,116.31550175100784
wx4ex0,2170,2445,-275,39.99217731282458,116.32919527748213
wx4eq9,2081,1915,166,39.95536917393623,116.30865641478906
wx4eqd,1953,2213,-260,39.96004284801571,116.30747474283666
wx4er7,1847,2472,-625,39.96635062667442,116.3406692095944
wx4eqm,1797,2030,-233,39.97513567266958,116.29619334098294
wx4erm,1767,1754,13,39.976300124603945,116.34304833533606
wx4ert,1750,1971,-221,39.97627555847168,116.34895804268973
wx4eqc,1456,1830,-374,39.95551597941053,116.31907680532434
wx4eqr,1452,1183,269,39.98702837415963,116.29869177321757
wx4eqf,1441,1548,-107,39.959952938813124,116.31822112200577
wx4ex2,1392,1947,-555,39.99243625279131,116.33801739791343
wx4eq7,1138,1406,-268,39.96592271935542,116.29738014905021
wx4er6,1115,1523,-408,39.95993429449107,116.33919653443478
wx4eqk,1059,1411,-352,39.97096202191145,116.29801315221165
wx4err,998,1199,-201,39.98779379055352,116.33960574805617
wx4ew2,972,945,27,39.99298025060583,116.29660924275716
wx4er1,808,672,136,39.95412090037129,116.32583920318301
wx4eqw,761,669,92,39.984372511173206,116.30195820691864
wx4ere,729,733,-4,39.967257535016095,116.34955535700291
wx4ex3,623,928,-305,39.99931107363387,116.33901271544528
wx4ewc,609,641,-32,39.99797252598655,116.31548641937707
wx4ers,568,692,-124,39.97140481438435,116.35055991965281
wx4erw,567,628,-61,39.98178376091851,116.3499411325606
wx4ery,534,464,70,39.98163201835718,116.36061036184933
wx4ew9,534,439,95,39.99832431921798,116.30813470047511
wx4erx,529,677,-148,39.98794615156033,116.34860101854869
wx4erd,493,507,-14,39.95924253250958,116.34819506631662
wx4erv,453,538,-85,39.97674645177576,116.36203500608735
wx4eq4,450,479,-29,39.959859466552736,116.28593826293945
wx4er0,420,457,-37,39.94939735957554,116.32649394444057
wx4er9,412,520,-108,39.954744218622594,116.35008386037882
wx4er3,379,555,-176,39.95425591682696,116.3383533709282
wx4er4,378,253,125,39.958501543317524,116.32640747796921
wx4eqq,374,184,190,39.98268632327809,116.29726624106341
wx4erz,357,325,32,39.98743321715283,116.36088026671851
wx4ex1,346,318,28,39.997670388635186,116.32959365844727
wx4epp,344,324,20,39.94402452956798,116.32557758065157
wx4eq6,338,374,-36,39.96026575212648,116.29623243794639
wx4erg,316,278,38,39.96554284156123,116.35926500151429
wx4er2,308,379,-71,39.94930929951853,116.34073492768523
wx4ew3,301,289,12,39.997198637141736,116.29431125729583
wx4g2j,268,334,-66,39.97697545521295,116.37072449299826
wx4eq5,259,248,11,39.96518738941796,116.28424721795159
wx4eq1,259,183,76,39.95545372539505,116.285603276551
wx4ex9,235,315,-80,39.9988419147248,116.3497079889825
wx4erq,230,325,-95,39.982055829918906,116.34201000047767
wx4eqt,228,180,48,39.97676422721461,116.30155262194182
wx4erf,223,226,-3,39.95920407932435,116.36220316181269
wx4eqb,217,279,-62,39.94997819997199,116.31666605373681
wx4enx,214,246,-32,39.9435705559276,116.30888520000137
wx4epx,199,163,36,39.94362141019735,116.34997391820554
wx4eq8,185,163,22,39.948755882881784,116.30856745951884
wx4ew1,179,124,55,39.99832883227471,116.28621799319816
wx4eqh,177,148,29,39.97152473966954,116.28590244357869
wx4ex8,172,272,-100,39.993003911750264,116.34972394898881
wx4ew0,168,157,11,39.990922042301726,116.28293854849679
wx4g2m,161,111,50,39.97705003489619,116.381687022144
wx4eny,155,147,8,39.939206092588364,116.3165651136829
wx4eq3,147,131,16,39.955064228602815,116.29853112357003
wx4g2n,138,188,-50,39.98098083164381,116.37260602868122
wx4eqn,137,147,-10,39.980381387863716,116.2815359909169
wx4eq2,136,145,-9,39.950070661656994,116.29807612475227
wx4g2h,136,142,-6,39.97012601179235,116.37259735780604
wx4enz,132,126,6,39.944754513827235,116.31759296764027
wx4ex4,132,115,17,40.003073865717106,116.32911768826571
wx4ex6,131,140,-9,40.00385786740834,116.33912807202522
wx4g24,130,60,70,39.96064655597393,116.37328279935397
wx4epn,129,168,-39,39.93862883989201,116.32691361183343
wx4erc,126,139,-13,39.95405605861119,116.3609368460519
wx4epw,124,130,-6,39.93813930019255,116.3510540992983
wx4ew4,123,108,15,40.00249560286359,116.28684857996498
wx4ewf,114,167,-53,40.00406064485249,116.31743581671464
wx4emc,113,61,52,39.95454627855689,116.27360470527042
wx4exd,110,152,-42,40.00349599664862,116.35025544600053
wx4ent,106,135,-29,39.93303550864166,116.30841129231003
wx4ewu,105,190,-85,40.01456206185477,116.31786509922573
wx4er8,104,188,-84,39.949440039121185,116.34935452387883
wx4enw,100,192,-92,39.9376802444458,116.30776519775391
wx4epj,95,135,-40,39.93306842603182,116.32732411434776
wx4emf,92,143,-51,39.960225354070246,116.27543822578762
wx4ex5,90,151,-61,40.00929641723633,116.32882690429688
wx4eph,86,127,-41,39.927556015724356,116.32967350094818
wx4g2k,85,69,16,39.97083361008588,116.38153233247645
wx4eru,83,107,-24,39.972293692899036,116.36304487665015
wx4ems,83,55,28,39.97193382447024,116.25951031604446
wx4exe,82,149,-67,40.00857074086259,116.35126067370904
wx4ex7,80,111,-31,40.008612871170044,116.34138250350952
wx4erk,76,179,-103,39.972853660583496,116.34408549258583
wx4emg,76,41,35,39.965589673895586,116.2755654987536
wx4g25,75,158,-83,39.966772842407224,116.37118606567383
wx4env,74,111,-37,39.93224066656989,116.31851454038878
wx4exz,71,50,21,40.03080327745894,116.35920645485461
wx4g2q,67,117,-50,39.98156035124366,116.383259616681
wx4en9,66,109,-43,39.912196072665125,116.30688753995028
wx4enn,66,39,27,39.93912089954723,116.2850553339178
wx4g2p,65,80,-15,39.98817047706017,116.37021666306715
wx4enu,65,67,-2,39.92835308955266,116.31876050508939
wx4ewv,64,106,-42,40.020548701286316,116.31789922714233
wx4eqj,64,92,-28,39.97656583786011,116.28518164157867
wx4exs,64,91,-27,40.015114545822144,116.35006427764893
wx4eq0,64,59,5,39.950140714645386,116.2852942943573
wx4exb,63,154,-91,39.993232999529155,116.36103766305106
wx4erb,59,82,-23,39.94940951719122,116.36170888351182
wx4ewj,59,75,-16,40.01965102502855,116.28326254375911
wx4g27,59,57,2,39.96624106067722,116.38191837375447
wx4exf,53,70,-17,40.00181504015653,116.3626433318516
wx4ew5,52,73,-21,40.00881011669453,116.28730553847093
wx4ens,52,51,1,39.92795100578895,116.309694143442
wx4emk,50,47,3,39.97203483581543,116.25039596557617
wx4enr,49,85,-36,39.942868096487864,116.29575885072046
wx4epq,49,54,-5,39.937532580628684,116.33999143327985
wx4ep6,49,22,27,39.914932834858796,116.33754613448163
wx4g80,48,64,-16,39.99285578727722,116.37314558029175
wx4g2s,48,26,22,39.97070074081421,116.39651298522949
wx4eyd,47,30,17,40.04637677618798,116.30585325525162
wx4ewg,46,74,-28,40.00935222791589,116.32018213686736
wx4g2e,46,25,21,39.96528376703677,116.39519069505775
wx4ene,45,59,-14,39.92167091369629,116.30939865112305
wx4g84,45,59,-14,40.00233268737793,116.37092208862305
wx4epm,45,48,-3,39.93287467956543,116.33986282348633
wx4exx,44,69,-25,40.030371926047586,116.35027885437012
wx4g21,43,57,-14,39.95397190714991,116.3720379319302
wx4epk,43,46,-3,39.92768775585086,116.3400370575661
wx4ey9,43,18,25,40.042796689410544,116.30621577418128
wx4ewz,41,98,-57,40.03061876064393,116.31524109258885
wx4etz,41,51,-10,40.03184551145972,116.2725602126703
wx4eww,40,37,3,40.025025844573975,116.30746650695801
wx4etf,40,34,6,40.002769947052,116.27438735961914
wx4ept,39,58,-19,39.933337431687576,116.35048352755032
wx4g2t,38,55,-17,39.97679961355109,116.39321678563168
wx4g2u,38,55,-17,39.97040296855726,116.40450126246402
wx4epc,38,17,21,39.90953094080875,116.36058305439197
wx4epy,37,68,-31,39.93864549172891,116.3603535213986
wx4g20,37,50,-13,39.94904260377626,116.37102436374974
wx4ewy,37,36,1,40.02615567800161,116.31344821002033
wx4eng,35,53,-18,39.9229553767613,116.31935283115932
wx4ekv,35,17,18,39.97756821768625,116.22785241263253
wx4ejf,35,8,27,39.9168883732387,116.2754761832101
wx4g98,35,4,31,39.99210057939802,116.43384606497628
wx4g2v,34,55,-21,39.977258794447955,116.40533671659581
wx4enp,34,47,-13,39.94371919070973,116.28482033224667
wx4exr,33,48,-15,40.031695799394086,116.34009101174094
wx4emm,32,61,-29,39.97671604156494,116.25060796737671
wx4en7,32,45,-13,39.92357611656189,116.2981367111206
wx4ewt,32,31,1,40.01986742019653,116.30506753921509
wx4exc,29,54,-25,39.99861322600266,116.36282493328225
wx4epf,28,49,-21,39.91516317640032,116.36127744402204
wx4ewq,28,48,-20,40.02483640398298,116.29719870431083
wx4exk,28,45,-17,40.01477582114084,116.34284836905343
wx4g81,28,32,-4,39.99943665095738,116.37485095432827
wx4ez1,28,27,1,40.04186766488211,116.33051327296666
wx4eju,28,23,5,39.928877694266184,116.27339908054897
wx4g23,28,19,9,39.95394025530134,116.38175419398716
wx4g86,27,56,-29,40.003112157185875,116.3835080464681
wx4ejs,27,18,9,39.92806434631348,116.2635103861491
wx4ewh,26,44,-18,40.01613543583797,116.28395814162035
wx4ewx,26,42,-16,40.03145951491136,116.30948286790114
wx4g3h,26,37,-11,39.96986609238844,116.41665238600511
wx4g8b,26,28,-2,39.993839263916016,116.40718460083008
wx4g3r,26,20,6,39.987652851985054,116.42977787898137
wx4exu,26,4,22,40.01537616436298,116.36211688701923
wx4enq,25,39,-14,39.93882865905762,116.29726638793946
wx4g2r,25,37,-12,39.98771095275879,116.38309707641602
wx4ez0,25,32,-7,40.03596153259277,116.32775344848633
wx4eky,25,9,16,39.97960166931152,116.22614364624023
wx4emb,24,44,-20,39.9481201171875,116.27401828765869
wx4emq,24,38,-14,39.981300830841064,116.25204563140869
wx4ety,24,31,-7,40.02626180648804,116.27517700195312
wx4ey8,24,30,-6,40.03626823425293,116.31022453308105
wx4epg,24,18,6,39.92264270782471,116.36032104492188
wx4ext,24,18,6,40.02043962478638,116.3476037979126
wx4emu,22,45,-23,39.97017340226607,116.27253965897994
wx4epv,22,18,4,39.93214260448109,116.35896335948597
wx4ep5,21,27,-6,39.92342948913574,116.32652010236468
wx4ep0,21,25,-4,39.90600177219936,116.32951191493443
wx4g22,21,19,2,39.95004517691476,116.38254710606166
wx4epz,21,18,3,39.94429043361119,116.36165346418109
wx4eyb,20,64,-44,40.03776741027832,116.3152084350586
wx4ekc,20,13,7,39.95310401916504,116.2265796661377
wx4enm,19,58,-39,39.93205472042686,116.29652625636051
wx4es8,19,33,-14,39.99350949337608,116.2192063582571
wx4etu,19,21,-2,40.014768399690325,116.27433676468699
wx4ep1,19,4,15,39.91075064006605,116.32981049387078
wx4end,18,33,-15,39.916133880615234,116.30929946899414
wx4g83,18,27,-9,39.99788284301758,116.38341903686523
wx4g3j,18,26,-8,39.977006912231445,116.41700744628906
wx4ewn,18,23,-5,40.02589225769043,116.28217697143555
wx4en6,18,17,1,39.9166202545166,116.29676818847656
wx4ez8,17,32,-15,40.03552773419548,116.35089986464557
wx4g26,16,48,-32,39.95893836021423,116.38107061386108
wx4g0j,16,29,-13,39.93253469467163,116.37017011642456
wx4epe,16,19,-3,39.92104411125183,116.35321855545044
wx4emt,16,17,-1,39.97731685638428,116.25977039337158
wx4epd,16,16,0,39.916956424713135,116.35152339935303
wx4exp,15,50,-35,40.031564712524414,116.32892990112305
wx4g3p,15,34,-19,39.98797416687012,116.41604232788086
wx4eps,15,33,-18,39.927629470825195,116.34868240356445
wx4ep7,15,15,0,39.922468185424805,116.33712387084961
wx4exq,15,15,0,40.02777671813965,116.33735275268555
wx4et1,15,9,6,39.998674392700195,116.23843002319336
wx4epb,15,5,10,39.9067440032959,116.35953140258789
wx4em9,14,24,-10,39.9557672228132,116.26730510166713
wx4ewr,14,16,-2,40.03112656729562,116.29692895071847
wx4g3q,14,15,-1,39.98157773699079,116.4271708897182
wx4etv,14,14,0,40.02048356192453,116.27539770943778
wx4eye,14,13,1,40.05204473223005,116.3063212803432
wx4g4j,14,8,6,39.93255615234375,116.45968845912388
wx4g82,13,40,-27,39.99294794522799,116.38354814969577
wx4enj,13,27,-14,39.93194213280311,116.28707445584811
wx4em5,13,20,-7,39.967476037832405,116.24495139488808
wx4ez9,13,20,-7,40.04284858703613,116.35367907010593
wx4en5,13,19,-6,39.922579985398514,116.28651985755333
wx4ez4,13,16,-3,40.04707409785344,116.32811472966121
wx4gb0,13,15,-2,40.03567842336801,116.37343333317683
wx4emx,13,12,1,39.98671531677246,116.26290981586165
wx4g2z,13,12,1,39.98767926142766,116.40504543597882
wx4ehg,13,9,4,39.92240832402156,116.22968673706055
wx4ejv,12,32,-20,39.93189811706543,116.2763500213623
wx4ejz,12,32,-20,39.94401454925537,116.27434730529785
wx4en4,12,25,-13,39.91729259490967,116.28390312194824
wx4ep3,12,23,-11,39.91014003753662,116.34000778198242
wx4epr,12,22,-10,39.94574546813965,116.33986473083496
wx4ep2,12,19,-7,39.9054479598999,116.33852005004883
wx4en3,12,18,-6,39.910268783569336,116.29586219787598
wx4g92,12,13,-1,39.992637634277344,116.42821311950684
wx4epu,12,7,5,39.92764949798584,116.35966300964355
wx4enh,11,20,-9,39.92746093056419,116.28574197942561
wx4g01,11,10,1,39.91090341047807,116.37400713833895
wx4exh,10,24,-14,40.01285934448242,116.3291130065918
wx4g3x,10,16,-6,39.98800277709961,116.4349250793457
wx4ej2,10,14,-4,39.90551948547363,116.25354766845703
wx4exm,10,12,-2,40.01900482177735,116.34391021728516
wx4g8e,10,12,-2,40.00872230529785,116.39228439331055
wx4ejy,10,9,1,39.93760299682617,116.27479934692383
wx4eqp,10,6,4,39.98896408081055,116.28135681152344
wx4ejc,10,3,7,39.910531997680664,116.27294540405273
wx4enc,10,3,7,39.91090965270996,116.31723403930664
wx4evb,10,0,10,40.034969329833984,116.2701301574707
wx4g8d,9,20,-11,40.002851486206055,116.39455795288086
wx4eyf,9,19,-10,40.04815101623535,116.31818771362305
wx4g3m,9,16,-7,39.97664451599121,116.42496109008789
wx4g0p,9,15,-6,39.94397163391113,116.37174606323242
wx4g2w,9,14,-5,39.982004165649414,116.3929557800293
wx4ewm,9,13,-4,40.02070426940918,116.29419326782227
wx4g0t,9,13,-4,39.93338584899902,116.39337539672852
wx4g35,9,10,-1,39.96600151062012,116.41767501831055
wx4g3e,9,7,2,39.96617317199707,116.4372444152832
wx4ej9,9,6,3,39.911508560180664,116.26314163208008
wx4g04,9,6,3,39.91528511047363,116.3719367980957
wx4evc,9,1,8,40.044145584106445,116.27260208129883
wx4ez2,8,28,-20,40.03673315048218,116.33864879608154
wx4ep9,8,21,-13,39.910218715667725,116.35178089141846
wx4g8f,8,20,-12,40.00396728515625,116.40769958496094
wx4exw,8,19,-11,40.027034282684326,116.34907722473145
wx4g8c,8,15,-7,39.998602867126465,116.40315055847168
wx4eks,8,11,-3,39.973111152648926,116.22187614440918
wx4ep8,8,10,-2,39.90601301193237,116.35049343109131
wx4g34,8,10,-2,39.961674213409424,116.41439437866211
wx4ejd,8,5,3,39.91584062576294,116.26075744628906
wx4emr,8,5,3,39.9867582321167,116.2532901763916
wx4ejj,8,4,4,39.932405948638916,116.2397289276123
wx4emh,8,2,6,39.972596168518066,116.24384880065918
wx4g3n,7,38,-31,39.98220307486398,116.41606194632394
wx4ejk,7,37,-30,39.92903709411621,116.25229699271065
wx4exg,7,24,-17,40.00986507960728,116.36068889072963
wx4eyc,7,20,-13,40.04218646458217,116.31973539079938
wx4em7,7,19,-12,39.967293058122905,116.24788284301758
wx4g0h,7,19,-12,39.927516664777485,116.37412752423968
wx4g28,7,16,-9,39.95115688868931,116.39575685773578
wx4ewp,7,13,-6,40.0300475529262,116.28368650163922
wx4et9,7,12,-5,39.99752998352051,116.26161575317383
wx4ews,7,12,-5,40.01668248857771,116.30654198782784
wx4g3s,7,11,-4,39.9697698865618,116.43872124808175
wx4ekt,7,9,-2,39.97742107936314,116.22326169695172
wx4ey7,7,9,-2,40.05282946995327,116.29614421299526
wx4g2x,7,9,-2,39.98914309910366,116.39354978288922
wx4enb,7,8,-1,39.90537234715053,116.31953920636859
wx4g0r,7,7,0,39.94456018720354,116.38560431344169
wx4ep4,7,5,2,39.91395541599819,116.33405685424805
wx4emw,7,4,3,39.98293876647949,116.26146861485073
wx4etd,7,4,3,40.00483785356794,116.26392092023578
wx4ev6,7,4,3,40.050033841814304,116.25705446515765
wx4ezb,7,4,3,40.035810470581055,116.36157172066825
wx4etx,7,3,4,40.03085681370327,116.26519611903598
wx4evp,7,2,5,40.074409757341655,116.24533244541713
wx4esb,7,0,7,39.9916934967041,116.23007910592216
wx4g2g,6,28,-22,39.966745376586914,116.4063835144043
wx4g0w,6,27,-21,39.93833541870117,116.39442443847656
wx4g0z,6,11,-5,39.94288444519043,116.40810012817383
wx4g91,6,11,-5,39.99844551086426,116.41765594482422
wx4ehv,6,10,-4,39.931840896606445,116.23031616210938
wx4g30,6,10,-4,39.94940757751465,116.41679763793945
wx4ehm,6,5,1,39.93109703063965,116.20702743530273
wx4em8,6,4,2,39.948062896728516,116.2613296508789
wx4ejt,6,1,5,39.93021011352539,116.26018524169922
wx4ey6,6,0,6,40.04696846008301,116.29714965820312
wx4g85,5,21,-16,40.00923728942871,116.37127304077148
wx4evd,5,16,-11,40.04823875427246,116.25969314575195
wx4emj,5,15,-10,39.97720527648926,116.24314498901367
wx4ez3,5,15,-10,40.04398155212402,116.33927536010742
wx4ejg,5,14,-9,39.920969009399414,116.27459335327148
wx4en1,5,14,-9,39.91190528869629,116.28207778930664
wx4ets,5,13,-8,40.01644706726074,116.26676559448242
wx4g0m,5,12,-7,39.93264198303223,116.3818473815918
wx4g29,5,12,-7,39.95591926574707,116.39290237426758
wx4exj,5,9,-4,40.02029228210449,116.32650375366211
wx4g8h,5,9,-4,40.014902114868164,116.37175369262695
wx4enk,5,8,-3,39.927114486694336,116.29780197143555
wx4g2b,5,8,-3,39.94891548156738,116.40622329711914
wx4ej7,5,7,-2,39.92179298400879,116.25214004516602
wx4ej8,5,7,-2,39.905141830444336,116.26367568969727
wx4g0x,5,7,-2,39.94143104553223,116.39667892456055
wx4en2,5,6,-1,39.90737342834473,116.29594802856445
wx4g2d,5,6,-1,39.959455490112305,116.39715957641602
wx4g3g,5,6,-1,39.96429634094238,116.44762802124023
wx4g93,5,6,-1,39.997976303100586,116.42620468139648
wx4em1,5,5,0,39.95444297790527,116.23806381225586
wx4eyv,5,5,0,40.062417984008796,116.32155990600586
wx4g02,5,5,0,39.90538215637207,116.38569259643555
wx4eyu,5,4,1,40.05925941467285,116.31840133666992
wx4g3d,5,4,1,39.95973014831543,116.44131088256836
wx4g61,5,4,1,39.9554386138916,116.45813369750977
wx4e5c,5,3,2,39.909433364868164,116.1873893737793
wx4g1p,5,3,2,39.94277000427246,116.41535568237305
wx4g39,5,3,2,39.9536190032959,116.43986892700195
wx4ey2,5,2,3,40.036428451538086,116.2950553894043
wx4g0f,5,2,3,39.914377212524414,116.40704727172852
wx4g87,5,2,3,40.008859634399414,116.3810920715332
wx4eh6,5,0,5,39.91430854797363,116.20551681518555
wx4ekb,5,0,5,39.951284408569336,116.22453689575195
wx4g0n,4,22,-18,39.93950843811035,116.3730239868164
wx4ey4,4,18,-14,40.04791259765625,116.28255844116211
wx4ezh,4,12,-8,40.057525634765625,116.3276195526123
wx4g00,4,11,-7,39.905991554260254,116.37319564819336
wx4g3f,4,11,-7,39.960880279541016,116.44898414611816
wx4ev3,4,10,-6,40.04439353942871,116.25277519226074
wx4g2f,4,10,-6,39.961180686950684,116.40735626220703
wx4ejb,4,9,-5,39.9058198928833,116.2767219543457
wx4ehu,4,8,-4,39.92663383483887,116.2287425994873
wx4en0,4,8,-4,39.9063777923584,116.28204345703125
wx4g33,4,8,-4,39.9547004699707,116.4265823364258
wx4em2,4,7,-3,39.94783401489258,116.25560760498047
wx4g89,4,7,-3,39.99890327453613,116.3949966430664
wx4g8p,4,6,-2,40.03366470336914,116.37027740478516
wx4g32,4,4,0,39.94946479797363,116.4261531829834
wx4e5u,4,3,1,39.92852210998535,116.18728637695312
wx4ehh,4,3,1,39.928650856018066,116.1983585357666
wx4eje,4,3,1,39.92023944854736,116.25946998596191
wx4g62,4,3,1,39.948906898498535,116.47138595581055
wx4gbh,4,3,1,40.06143093109131,116.37439727783203
wx4ekr,4,2,2,39.989118576049805,116.20728492736816
wx4eku,4,2,2,39.97302532196045,116.23045921325684
wx4g45,4,2,2,39.9237585067749,116.4605712890625
wx4gd1,4,2,2,39.99667167663574,116.46288871765137
wx4gd0,4,1,3,39.99422550201416,116.45971298217773
wx4gd5,4,1,3,40.00825881958008,116.45962715148926
wx4ett,4,0,4,40.02272129058838,116.26616477966309
wx4en8,3,21,-18,39.90597724914551,116.30636215209961
wx4g3u,3,16,-13,39.972238540649414,116.44769668579102
wx4g90,3,16,-13,39.993581771850586,116.41416549682617
wx4g3k,3,13,-10,39.96926307678223,116.42629623413086
wx4g3t,3,11,-8,39.97818946838379,116.43762588500977
wx4ezd,3,8,-5,40.04599571228027,116.35110855102539
wx4evv,3,7,-4,40.06527900695801,116.27523422241211
wx4g31,3,7,-4,39.95244026184082,116.41897201538086
wx4ev5,3,6,-3,40.051259994506836,116.24238967895508
wx4g0y,3,6,-3,39.93790626525879,116.40878677368164
wx4ejh,3,4,-1,39.92915153503418,116.24433517456055
wx4ejx,3,4,-1,39.945173263549805,116.25909805297852
wx4g64,3,4,-1,39.959306716918945,116.45959854125977
wx4ej0,3,3,0,39.90443229675293,116.23907089233398
wx4esc,3,3,0,39.997243881225586,116.2287712097168
wx4ez6,3,3,0,40.04857063293457,116.33989334106445
wx4g1s,3,3,0,39.925432205200195,116.43762588500977
wx4g3w,3,3,0,39.98242378234863,116.43625259399414
wx4eh8,3,2,1,39.90551948547363,116.22213363647461
wx4ezf,3,2,1,40.048627853393555,116.35820388793945
wx4g0k,3,2,1,39.92794990539551,116.37983322143555
wx4gbf,3,2,1,40.04708290100098,116.40707015991211
wx4ejq,3,1,2,39.93779182434082,116.25062942504883
wx4es2,3,1,2,39.99415397644043,116.2034797668457
wx4ey1,3,1,2,40.043935775756836,116.28725051879883
wx4ey5,3,1,2,40.05200386047363,116.2858772277832
wx4ezg,3,1,2,40.053091049194336,116.3646125793457
wx4g1g,3,1,2,39.92165565490723,116.44952774047852
wx4g1v,3,1,2,39.93401527404785,116.45353317260742
wx4e5k,3,0,3,39.92617607116699,116.1631965637207
wx4es0,3,0,3,39.99392509460449,116.19970321655273
wx4et2,3,0,3,39.993696212768555,116.25406265258788
wx4ev9,3,0,3,40.0400447845459,116.26459121704102
wx4ezc,3,0,3,40.0437068939209,116.35660171508789
wx4g14,3,0,3,39.916791915893555,116.41668319702148
wx4ez5,2,16,-14,40.05271911621094,116.32856369018555
wx4ehs,2,13,-11,39.92955207824707,116.22058868408203
wx4g2c,2,11,-9,39.95478630065918,116.40546798706055
wx4g88,2,6,-4,39.99298095703125,116.39139175415039
wx4g9p,2,6,-4,40.031776428222656,116.41679763793944
wx4gbj,2,5,-3,40.06173133850098,116.37594223022461
wx4e5b,2,4,-2,39.907493591308594,116.18865966796875
wx4ev7,2,4,-2,40.05443572998047,116.24977111816406
wx4evm,2,4,-2,40.06336212158203,116.2518310546875
wx4g0v,2,4,-2,39.9312686920166,116.40752792358398
wx4g3c,2,4,-2,39.95676040649414,116.44752502441406
wx4ehz,2,3,-1,39.94328498840332,116.22865676879884
wx4g0q,2,3,-1,39.9367618560791,116.38280868530273
wx4g1t,2,3,-1,39.931955337524414,116.43722534179688
wx4g37,2,3,-1,39.96345520019531,116.42692565917969
wx4g99,2,3,-1,39.99950408935547,116.43499374389648
wx4emd,2,2,0,39.9601936340332,116.26813888549805
wx4emy,2,2,0,39.98105049133301,116.27483367919922
wx4emz,2,2,0,39.98791694641113,116.27878189086914
wx4etw,2,2,0,40.02439498901367,116.26556396484375
wx4ev8,2,2,0,40.039329528808594,116.26350402832031
wx4g6p,2,2,0,39.98697280883789,116.46160125732422
wx4g6t,2,2,0,39.97418403625488,116.48632049560547
wx4ej5,2,1,1,39.920454025268555,116.23723983764648
wx4ete,2,1,1,40.00946044921875,116.26813888549805
wx4ev4,2,1,1,40.04911422729492,116.24307632446289
wx4eyk,2,1,1,40.059499740600586,116.29302978515625
wx4g07,2,1,1,39.92182731628418,116.37989044189453
wx4g11,2,1,1,39.91058349609375,116.41799926757812
wx4g1e,2,1,1,39.92131233215332,116.44100189208984
wx4g57,2,1,1,39.923458099365234,116.51927947998047
wx4gbc,2,1,1,40.04267692565918,116.40443801879883
wx4e4h,2,0,2,39.927663803100586,116.11021041870116
wx4ehb,2,0,2,39.90483283996582,116.22797012329102
wx4ek9,2,0,2,39.95272636413574,116.22110366821289
wx4evz,2,0,2,40.076236724853516,116.27225875854492
wx4ezw,2,0,2,40.072288513183594,116.35156631469727
wx4g1f,2,0,2,39.91813659667969,116.45009994506836
wx4gd2,2,0,2,39.99298095703125,116.47035598754883
wx4gk5,2,0,2,39.9656867980957,116.5484619140625
wx4ezq,1,15,-14,40.071001052856445,116.33508682250977
wx4g2y,1,14,-13,39.98465538024902,116.40787124633788
wx4g94,1,14,-13,40.00302314758301,116.41714096069336
wx4eyt,1,13,-12,40.06190299987793,116.30830764770508
wx4eyg,1,11,-10,40.05349159240723,116.3144874572754
wx4ezk,1,10,-9,40.059499740600586,116.34092330932616
wx4g05,1,9,-8,39.92405891418457,116.37250900268556
wx4g60,1,9,-8,39.94843482971192,116.45593643188477
wx4etg,1,8,-7,40.00697135925293,116.2708854675293
wx4ehj,1,7,-6,39.93401527404785,116.19741439819336
wx4g8j,1,7,-6,40.02242088317871,116.37182235717772
wx4g9n,1,7,-6,40.027055740356445,116.41233444213869
wx4ejm,1,6,-5,39.934186935424805,116.24685287475586
wx4evf,1,6,-5,40.04525184631348,116.27397537231444
wx4ezs,1,5,-4,40.05881309509277,116.34572982788086
wx4g4m,1,5,-4,39.93212699890137,116.46966934204102
wx4ej6,1,4,-3,39.91702079772949,116.25543594360352
wx4eys,1,4,-3,40.05658149719238,116.3035011291504
wx4ezt,1,4,-3,40.06447792053223,116.35431289672852
wx4g4n,1,4,-3,39.93813514709473,116.45559310913086
wx4g8g,1,4,-3,40.0107479095459,116.4082145690918
wx4g96,1,4,-3,40.00456809997559,116.42538070678712
wx4ekf,1,3,-2,39.96079444885254,116.22625350952148
wx4ekk,1,3,-2,39.97332572937012,116.20737075805664
wx4et6,1,3,-2,40.0026798248291,116.24719619750977
wx4eve,1,3,-2,40.05331993103027,116.2595558166504
wx4ezv,1,3,-2,40.06190299987793,116.36117935180664
wx4g0s,1,3,-2,39.92611885070801,116.39928817749023
wx4g1j,1,3,-2,39.93006706237793,116.41714096069336
wx4g4k,1,3,-2,39.92938041687012,116.47138595581056
wx4g4p,1,3,-2,39.941911697387695,116.46211624145508
wx4g6x,1,3,-2,39.989118576049805,116.48202896118164
wx4gcp,1,3,-2,40.075979232788086,116.42091751098631
wx4gd3,1,3,-2,39.99701499938965,116.47207260131836
wx4e57,1,2,-1,39.9228572845459,116.16479873657228
wx4e59,1,2,-1,39.91204261779785,116.17853164672852
wx4e5v,1,2,-1,39.931955337524414,116.19123458862305
wx4ekz,1,2,-1,39.98499870300293,116.23037338256836
wx4exn,1,2,-1,40.02774238586426,116.3319969177246
wx4ey3,1,2,-1,40.04147529602051,116.2932014465332
wx4eyn,1,2,-1,40.07134437561035,116.28496170043944
wx4g1k,1,2,-1,39.92972373962402,116.43224716186523
wx4gb7,1,2,-1,40.05280494689941,116.37868881225586
wx4gc1,1,2,-1,40.04216194152832,116.41199111938477
wx4gdd,1,2,-1,40.00473976135254,116.47722244262695
wx4e5f,1,1,0,39.91581916809082,116.18951797485352
wx4e5m,1,1,0,39.93075370788574,116.16239547729492
wx4e5s,1,1,0,39.928178787231445,116.17269515991212
wx4egc,1,1,0,40.04439353942871,116.18093490600586
wx4eh2,1,1,0,39.90260124206543,116.20702743530272
wx4eh4,1,1,0,39.91753578186035,116.1939811706543
wx4ehp,1,1,0,39.94294166564941,116.20084762573242
wx4et8,1,1,0,39.99049186706543,116.2602424621582
wx4evy,1,1,0,40.06756782531738,116.27363204956056
wx4ew6,1,1,0,40.00302314758301,116.29079818725586
wx4ey0,1,1,0,40.03735542297363,116.28702163696288
wx4ezx,1,1,0,40.07683753967285,116.35019302368164
wx4g0e,1,1,0,39.92251396179199,116.39001846313477
wx4g0u,1,1,0,39.92560386657715,116.40684127807616
wx4g1m,1,1,0,39.93264198303223,116.43156051635742
wx4g1r,1,1,0,39.941911697387695,116.42915725708008
wx4g1u,1,1,0,39.92526054382324,116.44598007202148
wx4g43,1,1,0,39.90860939025879,116.47001266479492
wx4g44,1,1,0,39.913930892944336,116.46142959594728
wx4g4u,1,1,0,39.928178787231445,116.49713516235352
wx4g4v,1,1,0,39.93161201477051,116.49885177612305
wx4g54,1,1,0,39.91667747497559,116.5019416809082
wx4g6k,1,1,0,39.97298240661621,116.46932601928712
wx4g6q,1,1,0,39.98448371887207,116.47310256958008
wx4g9h,1,1,0,40.01521110534668,116.41679763793944
wx4g9r,1,1,0,40.03237724304199,116.42606735229492
wx4gbb,1,1,0,40.03649711608887,116.4030647277832
wx4gbk,1,1,0,40.05709648132324,116.38143539428712
wx4gbv,1,1,0,40.0631046295166,116.40615463256836
wx4gc0,1,1,0,40.037527084350586,116.41542434692384
wx4gcj,1,1,0,40.0656795501709,116.41233444213869
wx4gd9,1,1,0,39.99821662902832,116.48065567016602
wx4gjk,1,1,0,39.92783546447754,116.6008186340332
wx4e5d,1,0,1,39.91599082946777,116.16994857788086
wx4ehk,1,0,1,39.92732048034668,116.20702743530272
wx4ehr,1,0,1,39.94311332702637,116.20702743530272
wx4ehx,1,0,1,39.94105339050293,116.21492385864258
wx4ejr,1,0,1,39.94105339050293,116.25646591186523
wx4ek0,1,0,1,39.94637489318848,116.20119094848631
wx4eke,1,0,1,39.96285438537598,116.22316360473631
wx4em3,1,0,1,39.95547294616699,116.24753952026369
wx4emv,1,0,1,39.97899055480957,116.27878189086914
wx4es1,1,0,1,39.99770164489746,116.20084762573242
wx4es3,1,0,1,39.99735832214356,116.2046241760254
wx4et4,1,0,1,40.00164985656738,116.24479293823242
wx4eut,1,0,1,40.06190299987793,116.21904373168944
wx4euz,1,0,1,40.07752418518066,116.23449325561523
wx4evk,1,0,1,40.05864143371582,116.25097274780272
wx4eyp,1,0,1,40.07735252380371,116.2815284729004
wx4g10,1,0,1,39.90723609924317,116.41130447387695
wx4g16,1,0,1,39.9173641204834,116.42984390258788
wx4g1c,1,0,1,39.90946769714356,116.4521598815918
wx4g1d,1,0,1,39.915475845336914,116.43877029418944
wx4g46,1,0,1,39.91427421569824,116.46966934204102
wx4g4q,1,0,1,39.93899345397949,116.4744758605957
wx4g5b,1,0,1,39.906206130981445,116.54279708862305
wx4g63,1,0,1,39.95444297790527,116.47104263305664
wx4g6h,1,0,1,39.972124099731445,116.4573097229004
wx4g6u,1,0,1,39.969892501831055,116.49747848510742
wx4g71,1,0,1,39.95461463928223,116.50468826293944
wx4g8v,1,0,1,40.021562576293945,116.4082145690918
wx4g9w,1,0,1,40.02636909484863,116.43774032592772
wx4gbd,1,0,1,40.04542350769043,116.39997482299805
wx4gbz,1,0,1,40.07340431213379,116.40752792358398
wx4gcw,1,0,1,40.06842613220215,116.43842697143556
wx4gew,1,0,1,40.02345085144043,116.52151107788086
wx4ghe,1,0,1,39.92148399353027,116.5733528137207
wx4ghs,1,0,1,39.9257755279541,116.57541275024414
wx4gj5,1,0,1,39.92354393005371,116.59292221069336
wx4gj7,1,0,1,39.91976737976074,116.6059684753418
wx4gjh,1,0,1,39.92663383483887,116.58777236938477
wx4eyy,0,22,-22,40.07079818032005,116.31879459727894
wx4g36,0,16,-16,39.96199607849121,116.4277195930481
wx4ezp,0,8,-8,40.07559299468994,116.32431507110596
wx4ezz,0,8,-8,40.07338285446167,116.35976314544678
wx4ezn,0,7,-7,40.07036345345633,116.33023125784737
wx4eh5,0,6,-6,39.92288589477539,116.19644165039062
wx4ezy,0,6,-6,40.06922721862793,116.36117935180664
wx4g1h,0,6,-6,39.92657661437988,116.41679763793945
wx4g3y,0,6,-6,39.98208045959473,116.45261764526367
wx4ej3,0,5,-5,39.910017013549805,116.25008010864258
wx4emn,0,5,-5,39.98022651672363,116.24369430541992
wx4eze,0,5,-5,40.05349159240723,116.34909439086914
wx4g0g,0,5,-5,39.923269271850586,116.40945053100586
wx4evq,0,4,-4,40.06782531738281,116.2482261657715
wx4eyw,0,4,-4,40.06945610046387,116.30616188049316
wx4eyx,0,4,-4,40.07396221160889,116.30839347839355
wx4ezu,0,4,-4,40.06035804748535,116.36349678039551
wx4g0c,0,4,-4,39.90916728973389,116.40787124633789
wx4g1n,0,4,-4,39.94036674499512,116.41490936279297
wx4g8n,0,4,-4,40.02692699432373,116.37456893920898
wx4eht,0,3,-3,39.93332862854004,116.22007369995117
wx4ejw,0,3,-3,39.93847846984863,116.26813888549805
wx4eu9,0,3,-3,40.040788650512695,116.21904373168945
wx4g0b,0,3,-3,39.90643501281738,116.4067268371582
wx4g3z,0,3,-3,39.98705863952637,116.44598007202148
wx4g4s,0,3,-3,39.92754936218262,116.48248672485352
wx4g6n,0,3,-3,39.9814510345459,116.45627975463867
wx4gbg,0,3,-3,40.05497932434082,116.40752792358398
wx4gc5,0,3,-3,40.054006576538086,116.4137077331543
wx4e5y,0,2,-2,39.9378776550293,116.1855697631836
wx4ekd,0,2,-2,39.96053695678711,116.22367858886719
wx4em6,0,2,-2,39.9613094329834,116.24788284301758
wx4evn,0,2,-2,40.07246017456055,116.23947143554688
wx4exv,0,2,-2,40.02276420593262,116.35637283325195
wx4eyz,0,2,-2,40.07494926452637,116.31620407104492
wx4ez7,0,2,-2,40.054779052734375,116.34366989135742
wx4ezr,0,2,-2,40.074005126953125,116.33577346801758
wx4g13,0,2,-2,39.910240173339844,116.42452239990234
wx4g19,0,2,-2,39.908180236816406,116.43911361694336
wx4g38,0,2,-2,39.94826316833496,116.44083023071289
wx4g41,0,2,-2,39.912214279174805,116.46125793457031
wx4g4h,0,2,-2,39.92594718933106,116.46142959594727
wx4g6j,0,2,-2,39.97830390930176,116.45988464355469
wx4g6s,0,2,-2,39.97049331665039,116.48134231567383
wx4g8x,0,2,-2,40.032291412353516,116.39019012451172
wx4g8z,0,2,-2,40.03289222717285,116.40787124633789
wx4g9c,0,2,-2,39.99624252319336,116.45078659057616
wx4gb5,0,2,-2,40.05297660827637,116.37182235717773
wx4gc2,0,2,-2,40.037527084350586,116.42675399780273
wx4gcr,0,2,-2,40.07589340209961,116.4282989501953
wx4gd6,0,2,-2,40.0041389465332,116.46760940551758
wx4gdk,0,2,-2,40.01263618469238,116.47327423095703
wx4e4w,0,1,-1,39.93573188781738,116.13252639770508
wx4e52,0,1,-1,39.90723609924317,116.16514205932616
wx4e55,0,1,-1,39.92165565490723,116.1558723449707
wx4e5g,0,1,-1,39.92423057556152,116.18677139282228
wx4e5w,0,1,-1,39.94036674499512,116.17063522338869
wx4eh7,0,1,-1,39.91890907287598,116.2046241760254
wx4ehn,0,1,-1,39.9393367767334,116.19192123413086
wx4ehq,0,1,-1,39.93710517883301,116.20908737182616
wx4ejp,0,1,-1,39.94345664978027,116.24616622924805
wx4ekg,0,1,-1,39.96319770812988,116.22831344604492
wx4ekw,0,1,-1,39.97950553894043,116.22282028198242
wx4em4,0,1,-1,39.95907783508301,116.23964309692384
wx4et0,0,1,-1,39.99341011047363,116.23552322387695
wx4et3,0,1,-1,39.99615669250488,116.25715255737305
wx4etc,0,1,-1,39.997873306274414,116.27191543579102
wx4eu1,0,1,-1,40.04508018493652,116.20222091674805
wx4eu3,0,1,-1,40.04490852355957,116.20359420776369
wx4euc,0,1,-1,40.044050216674805,116.23449325561523
wx4eur,0,1,-1,40.07769584655762,116.20325088500977
wx4euy,0,1,-1,40.071001052856445,116.23483657836914
wx4ev0,0,1,-1,40.03443717956543,116.24135971069336
wx4evg,0,1,-1,40.05349159240723,116.2708854675293
wx4evj,0,1,-1,40.06585121154785,116.24067306518556
wx4evw,0,1,-1,40.067739486694336,116.25783920288086
wx4ewe,0,1,-1,40.00971794128418,116.31208419799805
wx4ewk,0,1,-1,40.01538276672363,116.29388809204102
wx4exy,0,1,-1,40.02842903137207,116.3584327697754
wx4eym,0,1,-1,40.06241798400879,116.30075454711914
wx4g03,0,1,-1,39.91084098815918,116.3804054260254
wx4g06,0,1,-1,39.9147891998291,116.3807487487793
wx4g08,0,1,-1,39.902944564819336,116.39104843139648
wx4g09,0,1,-1,39.909982681274414,116.3920783996582
wx4g15,0,1,-1,39.92405891418457,116.41748428344728
wx4g17,0,1,-1,39.91925239562988,116.42847061157228
wx4g1q,0,1,-1,39.9393367767334,116.42606735229492
wx4g1x,0,1,-1,39.94088172912598,116.43774032592772
wx4g1y,0,1,-1,39.93950843811035,116.44460678100586
wx4g1z,0,1,-1,39.94105339050293,116.45181655883788
wx4g3b,0,1,-1,39.94826316833496,116.44426345825195
wx4g3v,0,1,-1,39.97504234313965,116.45009994506836
wx4g40,0,1,-1,39.90723609924317,116.46108627319336
wx4g49,0,1,-1,39.9118709564209,116.47756576538086
wx4g4c,0,1,-1,39.90826606750488,116.49541854858398
wx4g4d,0,1,-1,39.91650581359863,116.47790908813477
wx4g4f,0,1,-1,39.91787910461426,116.49576187133788
wx4g4g,0,1,-1,39.92096900939941,116.49850845336914
wx4g4r,0,1,-1,39.94448661804199,116.46692276000977
wx4g65,0,1,-1,39.96663093566895,116.45593643188477
wx4g67,0,1,-1,39.96748924255371,116.4744758605957
wx4g6c,0,1,-1,39.952898025512695,116.48923873901369
wx4g6d,0,1,-1,39.958906173706055,116.48649215698242
wx4g6r,0,1,-1,39.98963356018066,116.47275924682616
wx4g6v,0,1,-1,39.978647232055664,116.48958206176758
wx4g6y,0,1,-1,39.98259544372559,116.4902687072754
wx4g8u,0,1,-1,40.01658439636231,116.4082145690918
wx4g95,0,1,-1,40.00937461853027,116.41576766967772
wx4g9f,0,1,-1,40.00216484069824,116.4521598815918
wx4gb1,0,1,-1,40.03975868225098,116.36735916137695
wx4gb8,0,1,-1,40.03512382507324,116.39825820922852
wx4gbp,0,1,-1,40.07494926452637,116.3752555847168
wx4gbu,0,1,-1,40.05829811096192,116.41061782836914
wx4gby,0,1,-1,40.07220268249512,116.40958786010742
wx4gc3,0,1,-1,40.044565200805664,116.42332077026369
wx4gc4,0,1,-1,40.04748344421387,116.41199111938477
wx4gc7,0,1,-1,40.05263328552246,116.42297744750977
wx4gc9,0,1,-1,40.043535232543945,116.43396377563477
wx4gcd,0,1,-1,40.04645347595215,116.43774032592772
wx4gdm,0,1,-1,40.0217342376709,116.4682960510254
wx4gek,0,1,-1,40.01692771911621,116.51773452758788
wx4gep,0,1,-1,40.03323554992676,116.50400161743164
wx4gf9,0,1,-1,40.044565200805664,116.47756576538086
wx4gn6,0,1,-1,39.91650581359863,116.64510726928712
