is_weekend,hour,inflow,outflow,net
False,0,4.433333333333334,6.35,-1.916666666666666
False,1,2.4166666666666665,2.7,-0.28333333333333366
False,2,1.35,1.85,-0.5
False,3,0.8833333333333333,0.9166666666666666,-0.033333333333333326
False,4,2.05,1.75,0.2999999999999998
False,5,5.633333333333334,4.983333333333333,0.6500000000000004
False,6,27.85,23.316666666666666,4.533333333333335
False,7,88.28333333333333,69.63333333333334,18.64999999999999
False,8,119.21666666666667,103.26666666666667,15.950000000000003
False,9,79.55,55.583333333333336,23.96666666666666
False,10,54.31666666666667,41.016666666666666,13.300000000000004
False,11,64.35,51.2,13.149999999999991
False,12,63.63333333333333,61.25,2.383333333333333
False,13,59.45,65.11666666666666,-5.666666666666657
False,14,49.56666666666667,58.68333333333333,-9.11666666666666
False,15,52.28333333333333,58.18333333333333,-5.899999999999999
False,16,69.5,69.26666666666667,0.23333333333333428
False,17,129.16666666666666,125.45,3.7166666666666544
False,18,110.31666666666666,140.91666666666666,-30.599999999999994
False,19,68.28333333333333,92.38333333333334,-24.10000000000001
False,20,49.583333333333336,77.36666666666666,-27.783333333333324
False,21,43.45,64.56666666666666,-21.11666666666666
False,22,24.2,42.55,-18.349999999999998
False,23,11.483333333333333,15.333333333333334,-3.8500000000000014
True,0,4.826086956521739,7.6521739130434785,-2.8260869565217392
True,1,2.8260869565217392,4.217391304347826,-1.391304347826087
True,2,2.1739130434782608,2.608695652173913,-0.43478260869565233
True,3,1.1304347826086956,1.7391304347826086,-0.6086956521739131
True,4,1.1304347826086956,1.8695652173913044,-0.7391304347826089
True,5,3.1739130434782608,3.8260869565217392,-0.6521739130434785
True,6,16.782608695652176,12.826086956521738,3.9565217391304373
True,7,33.65217391304348,28.695652173913043,4.956521739130434
True,8,51.17391304347826,47.56521739130435,3.608695652173907
True,9,59.95652173913044,48.95652173913044,11.0
True,10,61.91304347826087,45.08695652173913,16.826086956521735
True,11,70.3913043478261,53.56521739130435,16.826086956521742
True,12,73.43478260869566,65.43478260869566,8.0
True,13,65.65217391304348,65.73913043478261,-0.08695652173912549
True,14,56.08695652173913,67.21739130434783,-11.130434782608695
True,15,57.08695652173913,62.56521739130435,-5.478260869565219
True,16,74.30434782608695,62.17391304347826,12.130434782608695
True,17,100.26086956521739,79.65217391304348,20.608695652173907
True,18,83.17391304347827,83.73913043478261,-0.5652173913043441
True,19,53.78260869565217,65.65217391304348,-11.869565217391312
True,20,40.0,57.17391304347826,-17.173913043478258
True,21,35.08695652173913,50.21739130434783,-15.130434782608695
True,22,23.565217391304348,35.608695652173914,-12.043478260869566
True,23,12.0,16.73913043478261,-4.739130434782609
