date,inflow,outflow,net
2026-03-02,766,794,-28
2026-03-03,971,1018,-47
2026-03-04,515,557,-42
2026-03-05,636,677,-41
2026-03-06,923,943,-20
2026-03-07,720,675,45
2026-03-08,781,724,57
2026-03-09,1002,1025,-23
2026-03-10,993,1037,-44
2026-03-11,1041,1094,-53
2026-03-12,1046,1066,-20
2026-03-13,1087,1047,40
2026-03-14,867,907,-40
2026-03-15,892,853,39
2026-03-16,1043,1187,-144
2026-03-17,1048,1065,-17
2026-03-18,1061,1168,-107
2026-03-19,1195,1213,-18
2026-03-20,1268,1209,59
2026-03-21,996,995,1
2026-03-22,916,990,-74
2026-03-23,1078,1214,-136
2026-03-24,1137,1189,-52
2026-03-25,1141,1301,-160
2026-03-26,1265,1318,-53
2026-03-27,1335,1344,-9
2026-03-28,1006,1063,-57
2026-03-29,1013,982,31
2026-03-30,1167,1259,-92
2026-03-31,1139,1296,-157
2026-04-01,1274,1302,-28
2026-04-02,1246,1351,-105
2026-04-03,1191,1139,52
2026-04-04,918,815,103
2026-04-05,711,680,31
2026-04-06,758,754,4
2026-04-07,1108,1145,-37
2026-04-08,1060,1074,-14
2026-04-09,784,832,-48
2026-04-10,1395,1372,23
2026-04-11,1089,1057,32
2026-04-12,983,984,-1
2026-04-13,1119,1246,-127
2026-04-14,1293,1330,-37
2026-04-15,1261,1342,-81
2026-04-16,907,849,58
2026-04-17,1425,1520,-95
2026-04-18,1214,1218,-4
2026-04-19,761,779,-18
2026-04-20,1265,1356,-91
2026-04-21,1300,1351,-51
2026-04-22,1384,1461,-77
2026-04-23,1387,1505,-118
2026-04-24,1542,1544,-2
2026-04-25,1174,1143,31
2026-04-26,1114,1116,-2
2026-04-27,1290,1321,-31
2026-04-28,1335,1400,-65
2026-04-29,1398,1541,-143
2026-04-30,1455,1447,8
2026-05-01,956,929,27
2026-05-02,622,542,80
2026-05-03,792,785,7
2026-05-04,848,866,-18
2026-05-05,920,872,48
2026-05-06,1181,1327,-146
2026-05-07,1314,1362,-48
2026-05-08,1444,1409,35
2026-05-09,1361,1366,-5
2026-05-10,1186,1099,87
2026-05-11,1398,1476,-78
2026-05-12,1417,1481,-64
2026-05-13,1365,1436,-71
2026-05-14,1457,1557,-100
2026-05-15,1594,1621,-27
2026-05-16,1091,1052,39
2026-05-18,1469,1497,-28
2026-05-19,1538,1695,-157
2026-05-20,1514,1605,-91
2026-05-21,1446,1563,-117
2026-05-22,980,1119,-139
2026-05-23,1280,1318,-38
2026-05-24,1135,1179,-44
