cell,hour,n_days,mean,var,std,cv,p50,p90,total
wx4eqt,8,83,255.710843373494,21028.744637084925,145.01291196677946,0.567097233944718,330.0,393.6,21224
wx4eqw,18,83,210.33734939759037,10649.494563620334,103.19638832643483,0.49062322322683527,248.0,324.4,17458
wx4eqy,8,83,97.42168674698796,2327.295621510432,48.24205241809714,0.495188022594863,114.0,144.8,8086
wx4erj,8,83,92.67469879518072,2373.368498383779,48.717229994979995,0.5256799388433879,110.0,144.8,7692
wx4eqv,8,83,89.89156626506023,2133.4149280047022,46.18890481495207,0.5138291247340868,109.0,140.6,7461
wx4ern,18,83,53.9277108433735,643.0922715251249,25.359264017812603,0.47024551239464835,65.0,80.0,4476
wx4equ,17,83,39.91566265060241,188.2732882750514,13.721271379688233,0.3437565724461586,40.0,58.0,3313
wx4eqe,8,83,35.30120481927711,171.87158389656184,13.109980316406347,0.37137486903130607,37.0,51.0,2930
wx4erh,7,83,34.87951807228916,227.9853070819865,15.099182331569697,0.4328953829085612,40.0,52.8,2895
wx4eqs,17,83,25.228915662650603,92.76403173670292,9.631408606050464,0.3817607040602619,25.0,35.0,2094
