cell,0,1,2,3,4,5,6,7,8,9,10,11,12,13,14,15,16,17,18,19,20,21,22,23
wx4eqt,0.317,-0.017,0.6,0.267,0.067,-1.417,-6.3,-17.8,151.183,125.3,42.8,8.95,-2.1,-8.6,-3.7,-4.517,-16.017,-116.483,-147.633,-40.35,-21.5,-6.767,1.9,1.983
wx4eqw,1.75,0.733,0.283,0.267,-0.4,-0.717,-5.65,-11.533,-269.35,-198.317,-66.483,-14.617,1.567,5.133,14.617,11.533,14.2,136.283,191.317,70.25,44.033,26.4,15.6,1.133
wx4eqy,1.483,0.483,0.517,-0.433,-0.383,-1.15,-3.617,-21.183,23.517,-1.717,-21.15,-8.067,-0.617,1.65,-2.15,-5.3,-5.3,-12.667,-6.333,2.433,16.733,18.25,19.517,3.533
wx4eqv,2.183,0.583,0.233,0.083,-0.817,-1.967,-3.95,-0.5,33.967,23.383,17.15,1.017,1.133,9.75,5.233,4.0,7.067,2.667,10.483,11.35,11.0,17.517,18.0,4.95
wx4erj,0.233,-0.05,-0.183,-0.083,-0.217,-1.417,-2.283,-3.65,69.55,20.817,8.3,0.333,-3.583,2.3,2.483,-0.367,-2.917,-15.883,-19.217,-8.567,-6.9,-6.9,-5.55,0.2
wx4ern,0.367,0.3,0.067,0.033,0.35,0.983,2.883,-3.267,-51.65,-18.05,-3.25,6.95,4.967,-5.25,0.717,2.567,7.45,26.883,32.383,10.15,5.133,1.9,-0.3,-0.75
wx4equ,-0.217,0.0,-0.15,0.133,0.15,0.183,-0.733,-3.6,-3.533,-4.083,1.133,0.25,1.233,-4.183,-1.15,-0.15,-2.417,-3.483,-0.833,-3.483,-0.617,-0.6,-0.083,-0.267
wx4eqs,-0.55,-0.283,-0.133,-0.15,0.483,0.467,3.783,12.75,4.55,12.283,6.233,-4.05,-2.9,4.817,-1.767,-1.15,1.483,-2.533,-7.333,-7.133,-7.8,-5.9,-6.2,-1.5
wx4eqe,-1.1,-0.567,-0.85,0.167,-0.2,2.033,10.05,8.733,25.25,13.2,5.7,-4.967,0.05,5.833,-2.417,0.533,-1.417,-7.917,-12.717,-7.867,-9.55,-16.95,-17.817,-3.983
wx4erh,-2.433,-1.117,-0.217,-0.083,-0.05,1.683,7.617,22.117,9.133,10.167,4.083,-0.3,-3.35,1.55,-2.517,0.667,3.217,-4.3,-13.6,-6.267,-7.95,-9.3,-12.567,-2.367
wx4eqz,-0.183,-0.1,-0.033,-0.017,-0.217,-0.367,-2.883,-0.317,17.183,4.917,1.033,-0.65,-3.2,-2.283,-3.05,-2.433,-4.217,-9.933,-14.1,-5.033,-4.65,-3.317,-0.817,1.0
wx4eqg,0.083,0.267,0.117,-0.1,0.35,0.3,-0.4,6.8,3.467,3.6,1.717,1.3,-0.433,1.183,-0.083,-0.433,-2.2,-2.05,0.883,-0.183,-0.967,-0.567,-1.15,-0.95
wx4erm,-0.233,-0.133,-0.2,-0.117,0.083,0.05,-0.95,-1.017,0.75,-1.283,-4.567,-0.95,4.183,-5.433,-1.4,-1.017,-1.417,-6.883,-2.483,-0.417,0.567,2.033,-1.283,-0.333
wx4eqx,-0.283,-0.083,-0.117,-0.067,0.083,-0.117,0.233,-1.7,-8.85,1.383,2.317,5.4,3.75,-0.2,0.717,2.95,7.767,22.433,15.6,3.417,1.15,-0.033,0.467,0.45
wx4erk,0.133,-0.117,0.083,-0.05,0.083,0.2,0.383,3.867,-2.417,-2.067,0.133,1.133,0.217,0.333,0.883,0.25,-2.383,0.583,3.683,0.967,1.2,0.2,1.033,-0.417
wx4er5,-0.183,-0.033,0.0,0.05,0.267,0.2,0.233,0.2,1.183,2.033,0.983,-0.4,0.0,0.817,0.3,0.55,-0.117,1.067,-1.217,-0.35,-0.517,1.067,-1.617,-0.6
wx4erp,-0.017,0.083,0.067,0.067,-0.033,-0.1,-0.85,-2.833,-24.65,-6.317,-0.583,0.933,0.867,-1.633,-1.2,0.367,1.0,8.233,4.917,1.15,1.083,0.633,-0.017,0.083
wx4er7,-0.133,0.017,-0.067,-0.017,0.033,-0.7,-2.8,-0.033,-0.5,-0.967,-3.067,0.283,1.467,0.2,0.083,0.25,0.583,-0.05,1.05,2.017,2.067,1.667,0.55,0.05
wx4erq,-0.567,0.0,-0.067,0.033,0.317,0.067,0.133,1.683,1.55,1.283,1.067,0.383,-1.1,0.767,-1.0,-0.383,-0.083,-0.333,-1.717,-1.433,-0.95,-2.583,-2.183,-0.9
wx4ewb,0.05,0.1,0.067,0.0,0.0,0.0,-0.067,-1.483,-1.35,-1.517,-0.517,1.0,-0.417,-1.6,-1.183,0.067,0.9,3.25,0.1,0.267,0.3,0.967,0.917,0.617
wx4ew8,-0.183,-0.067,0.0,0.017,0.033,0.0,0.517,-0.583,-0.033,0.467,0.367,0.033,0.317,0.45,-0.65,0.017,0.917,3.7,2.333,1.25,-0.05,0.217,-0.167,-0.183
wx4ex0,-0.017,0.1,0.017,0.017,0.0,0.05,0.017,-0.783,-2.167,-1.2,-0.083,-0.267,0.267,-0.583,-0.017,-0.083,-0.25,-0.45,1.217,0.217,-0.017,0.433,0.217,0.067
wx4eqd,-0.167,-0.117,0.017,-0.067,0.033,-0.033,-0.35,-4.217,-0.65,-0.3,0.267,3.0,0.583,-2.533,-0.067,-0.533,0.15,0.783,-0.233,0.033,-0.333,-0.183,-0.25,-0.167
wx4eq9,0.067,-0.033,0.0,0.0,0.0,0.0,-0.017,-0.617,0.433,1.067,0.583,3.533,0.3,-2.783,0.1,-0.05,0.65,0.367,-0.633,-0.583,-0.5,-0.433,0.367,0.167
wx4eqm,0.083,0.0,0.0,0.0,0.0,-0.1,0.233,0.667,3.133,1.217,-0.217,-0.7,-0.683,0.317,-0.567,-0.717,-0.633,-1.85,-2.467,-0.283,-0.917,-0.683,-0.15,0.417
wx4ert,-0.133,0.017,-0.017,-0.017,-0.017,0.033,-0.017,0.533,0.367,0.217,1.05,0.833,-0.35,-0.617,0.15,-0.117,0.033,-0.283,-0.417,-0.233,-0.967,-0.7,-0.65,-0.417
wx4eqc,0.017,0.0,-0.033,-0.05,0.0,-0.033,0.367,0.133,-1.1,-0.733,-0.2,-0.383,0.033,-0.083,0.1,-0.3,-0.683,-0.817,-1.6,0.067,-0.117,-0.217,0.333,0.083
wx4ex2,-0.033,0.017,0.117,0.0,-0.017,0.05,0.033,1.05,1.633,0.9,-0.183,-0.833,-0.367,0.133,0.15,-0.65,-0.583,-2.667,-3.633,-1.317,-0.7,-0.633,-0.25,-0.067
wx4err,-0.017,0.067,0.033,0.033,0.017,0.033,0.533,1.717,-0.15,0.583,0.1,-0.067,-0.1,0.083,0.483,-0.267,-0.3,-1.083,-1.017,-0.55,-0.783,-0.633,-0.25,-0.067
wx4eqf,0.017,0.033,-0.017,-0.033,0.017,0.1,0.067,-0.317,-1.45,-0.417,-0.4,-0.183,0.033,-0.033,-0.367,-0.45,-0.067,0.5,0.467,-0.05,-0.033,0.133,0.167,-0.067
