date,n,dow,is_weekend,removed,roll7
2026-03-02,5821,0,False,False,5665.5
2026-03-03,7335,1,False,False,5925.0
2026-03-04,4434,2,False,False,5681.0
2026-03-05,5072,3,False,False,5525.714285714285
2026-03-06,6963,4,False,False,5775.857142857143
2026-03-07,4461,5,True,False,5850.571428571428
2026-03-08,4594,6,True,False,6383.428571428572
2026-03-09,7572,0,False,False,6834.714285714285
2026-03-10,7858,1,False,False,7022.571428571428
2026-03-11,8164,2,False,False,7163.285714285715
2026-03-12,8231,3,False,False,7269.571428571428
2026-03-13,8278,4,False,False,7358.571428571428
2026-03-14,5446,5,True,False,7411.571428571428
2026-03-15,5338,6,True,False,7437.857142857143
2026-03-16,8195,0,False,False,7504.714285714285
2026-03-17,8229,1,False,False,7614.0
2026-03-18,8348,2,False,False,7678.857142857143
2026-03-19,8699,3,False,False,7736.857142857143
2026-03-20,9043,4,False,False,7820.285714285715
2026-03-21,5900,5,True,False,7873.142857142857
2026-03-22,5744,6,True,False,7994.857142857143
2026-03-23,8779,0,False,False,8084.142857142857
2026-03-24,8599,1,False,False,8183.857142857143
2026-03-25,9200,2,False,False,8229.0
2026-03-26,9324,3,False,False,8238.42857142857
2026-03-27,9741,4,False,False,8238.857142857143
2026-03-28,6216,5,True,False,8300.142857142857
2026-03-29,5810,6,True,False,8340.42857142857
2026-03-30,8782,0,False,False,8386.57142857143
2026-03-31,9028,1,False,False,8283.714285714286
2026-04-01,9482,2,False,False,8151.714285714285
2026-04-02,9647,3,False,False,7953.857142857143
2026-04-03,9021,4,False,False,7346.428571428572
2026-04-04,5292,5,True,False,7279.428571428572
2026-04-05,4425,6,True,False,7104.285714285715
2026-04-06,4530,0,False,False,6552.857142857143
2026-04-07,8559,1,False,False,6666.142857142857
2026-04-08,8256,2,False,False,6821.571428571428
2026-04-09,5787,3,False,False,7055.285714285715
2026-04-10,9814,4,False,False,7701.285714285715
2026-04-11,6380,5,True,False,7820.142857142857
2026-04-12,6061,6,True,False,8039.571428571428
2026-04-13,9052,0,False,False,8186.714285714285
2026-04-14,9391,1,False,False,8266.857142857143
2026-04-15,9792,2,False,False,8385.0
2026-04-16,6817,3,False,False,8238.57142857143
2026-04-17,10375,4,False,False,8308.714285714286
2026-04-18,7207,5,True,False,8344.142857142857
2026-04-19,5036,6,True,False,8408.0
2026-04-20,9543,0,False,False,8899.857142857143
2026-04-21,9639,1,False,False,8942.0
2026-04-22,10239,2,False,False,8930.285714285714
2026-04-23,10260,3,False,False,9149.42857142857
2026-04-24,10670,4,False,False,9182.857142857143
2026-04-25,7125,5,True,False,9214.714285714286
2026-04-26,6570,6,True,False,9200.857142857143
2026-04-27,9777,0,False,False,9180.42857142857
2026-04-28,9862,1,False,False,8432.857142857143
2026-04-29,10142,2,False,False,7965.571428571428
2026-04-30,10117,3,False,False,7697.428571428572
2026-05-01,5437,4,False,False,7026.571428571428
2026-05-02,3854,5,True,False,6400.857142857143
2026-05-03,4693,6,True,False,6271.0
2026-05-04,5081,0,False,False,6203.571428571428
2026-05-05,5482,1,False,False,6846.428571428572
2026-05-06,9233,2,False,False,7707.0
2026-05-07,9645,3,False,False,8021.0
2026-05-08,9937,4,False,False,8819.285714285714
2026-05-09,9878,5,True,False,9546.57142857143
2026-05-10,6891,6,True,False,9757.57142857143
2026-05-11,10669,0,False,False,9931.57142857143
2026-05-12,10573,1,False,False,10110.57142857143
2026-05-13,10710,2,False,False,9655.857142857143
2026-05-14,10863,3,False,False,9022.57142857143
2026-05-15,11190,4,False,False,9024.0
2026-05-16,6695,5,True,False,9091.57142857143
2026-05-17,2458,6,True,False,9176.285714285714
2026-05-18,10679,0,False,False,9172.142857142857
2026-05-19,11046,1,False,False,8487.857142857143
2026-05-20,11303,2,False,False,8630.285714285714
2026-05-21,10834,3,False,False,9316.285714285714
2026-05-22,6400,4,False,False,9089.166666666666
2026-05-23,7692,5,True,False,8697.8
2026-05-24,7260,6,True,False,8046.5
