model,fold,mae,rmse,poisson_deviance,pred_sum,obs_sum,calibration,bias,pred_p999,pred_max
nb_glm,1,3.446092839543231,14.63199109667869,2.17641603250244,150402.29374044167,139852.0,1.075438990793422,0.7712203026638649,513.2280170101606,848.6185801428163
gbdt_poisson,1,2.6797445614171753,7.58298783493092,1.6197243034923279,146140.00802075386,139852.0,1.0449618741294644,0.459649709119434,302.64129372074626,357.11454929314897
seasonal_naive,1,2.800073099540789,6.832945538833221,5.395845396711876,133356.000003408,139852.0,0.9535508966865544,-0.4748538009204678,266.0,355.0
nb_glm,2,3.866995616367202,17.160835753459065,2.615200448709229,151372.7828020095,152287.0,0.9939967482582853,-0.06682874254316609,646.6142319605816,1049.564692910445
gbdt_poisson,2,2.896059625039962,8.89088729638685,1.798415958246166,144208.95456322897,152287.0,0.9469551213381902,-0.5905003974247834,306.49895285674995,485.61936005810264
seasonal_naive,2,3.052350146304093,7.433533022352452,2.6143429387089023,137843.450001886,152287.0,0.9051557257145127,-1.0558150583416666,265.6,364.6
nb_glm,3,4.416414523695216,17.919468291537328,3.3615842043659225,163586.07187183423,156021.0,1.0484875232938786,0.5253522133218209,540.0168915362117,815.5925779205702
gbdt_poisson,3,3.250979217496283,10.863670072974255,2.2596434630494233,156636.88966958344,156021.0,1.0039474793110121,0.04277011594329557,303.417670001727,388.8267260959064
seasonal_naive,3,3.7410044643747424,11.109699018519054,3.117802320873256,152277.03571576974,156021.0,0.9760034592508043,-0.2599975197382142,286.42857142857144,372.42857142857144
