,weekday,weekend
0,30.583333333333332,35.833333333333336
1,14.383333333333333,18.125
2,8.0,10.583333333333334
3,5.216666666666667,6.958333333333333
4,9.1,8.208333333333334
5,28.383333333333333,21.875
6,161.73333333333332,85.125
7,583.9833333333333,232.5
8,1091.7,370.625
9,742.1833333333333,396.3333333333333
10,407.05,343.5833333333333
11,386.01666666666665,372.75
12,420.43333333333334,435.9583333333333
13,428.23333333333335,380.9166666666667
14,368.21666666666664,358.625
15,369.45,360.875
16,461.81666666666666,381.375
17,849.15,486.9166666666667
18,907.3,464.125
19,520.6833333333333,327.0416666666667
20,375.96666666666664,269.875
21,305.03333333333336,237.375
22,212.46666666666667,198.04166666666666
23,72.06666666666666,72.45833333333333
