cell,hour,n_days,mean,var,std,total,p50,p90,cv,var_over_mean
wx4eq9,0,84,0.10714285714285714,0.09681583476764197,0.3111524301168833,9,0.0,0.7000000000000028,2.9040893477575778,0.9036144578313251
wx4eq9,1,84,0.011904761904761904,0.0119047619047619,0.10910894511799617,1,0.0,0.0,9.165151389911678,0.9999999999999997
wx4eq9,2,84,0.03571428571428571,0.058950086058519785,0.24279638806728526,3,0.0,0.0,6.798298865883988,1.650602409638554
wx4eq9,3,84,0.0,0.0,0.0,0,0.0,0.0,,
wx4eq9,4,84,0.023809523809523808,0.02352266207687894,0.15337099490085776,2,0.0,0.0,6.441581785836027,0.9879518072289155
wx4eq9,5,84,0.0,0.0,0.0,0,0.0,0.0,,
wx4eq9,6,84,0.13095238095238096,0.11517498565691335,0.3393744033614105,11,0.0,1.0,2.5915863529416803,0.8795180722891565
wx4eq9,7,84,2.1547619047619047,3.7227481353987377,1.9294424415873974,181,2.0,5.0,0.8954318513444276,1.727684217533116
wx4eq9,8,84,1.5357142857142858,2.0348537005163507,1.4264829829045809,129,1.0,3.0,0.9288726400308898,1.3250210142897167
wx4eq9,9,84,2.261904761904762,6.701663798049342,2.5887571917909455,190,1.0,5.700000000000003,1.1445031795286287,2.9628408370323407
wx4eq9,10,84,1.119047619047619,0.9013195639701664,0.9493785145926604,94,1.0,2.0,0.8483808002742923,0.8054345039733402
wx4eq9,11,84,3.1666666666666665,8.839357429718877,2.9731056876133546,266,3.0,6.700000000000003,0.9388754802989542,2.79137603043754
wx4eq9,12,84,1.3928571428571428,1.6630808950086058,1.2896049375714276,117,1.0,3.0,0.9258702115897429,1.194006796416435
wx4eq9,13,84,0.9761904761904762,0.8427997705106137,0.9180412684136883,82,1.0,2.0,0.9404325188628027,0.8633558624742873
wx4eq9,14,84,1.0119047619047619,1.7709409064830754,1.3307670368937892,85,1.0,3.0,1.3151109541068036,1.7501063075832746
wx4eq9,15,84,1.3333333333333333,1.9839357429718878,1.408522539035811,112,1.0,3.0,1.0563919042768584,1.487951807228916
wx4eq9,16,84,1.4642857142857142,3.697504302925989,1.9228895711730274,123,1.0,4.0,1.3131928778742628,2.5251248898031147
wx4eq9,17,84,2.738095238095238,5.713711990820424,2.3903372127840923,230,2.0,6.0,0.8729927211907119,2.086746987951807
wx4eq9,18,84,1.1071428571428572,1.8317555938037864,1.3534236564371802,93,1.0,3.0,1.2224471735561626,1.6544889234356779
wx4eq9,19,84,0.9404761904761905,0.9964142283419392,0.9982055040631359,79,1.0,2.0,1.0613830676114357,1.0594784200091505
wx4eq9,20,84,0.8095238095238095,0.854847963281698,0.9245798847485803,68,1.0,2.0,1.1421280929247168,1.0559886605244504
wx4eq9,21,84,1.0119047619047619,1.120338496844521,1.0584604370709947,85,1.0,2.0,1.0460079613407478,1.1071580439404678
wx4eq9,22,84,1.0952380952380953,1.1715433161216293,1.0823785456676556,92,1.0,2.700000000000003,0.9882586721313376,1.0696699842849657
wx4eq9,23,84,0.42857142857142855,0.3201376936316695,0.5658071169856999,36,0.0,1.0,1.3202166062999663,0.7469879518072289
wx4eqc,0,84,0.08333333333333333,0.07730923694779115,0.27804538648895283,7,0.0,0.0,3.336544637867434,0.9277108433734939
wx4eqc,1,84,0.0,0.0,0.0,0,0.0,0.0,,
wx4eqc,2,84,0.03571428571428571,0.03485370051635114,0.18669145807013007,3,0.0,0.0,5.227360825963642,0.9759036144578319
wx4eqc,3,84,0.03571428571428571,0.03485370051635114,0.18669145807013007,3,0.0,0.0,5.227360825963642,0.9759036144578319
wx4eqc,4,84,0.0,0.0,0.0,0,0.0,0.0,,
wx4eqc,5,84,0.011904761904761904,0.011904761904761904,0.10910894511799618,1,0.0,0.0,9.16515138991168,1.0
wx4eqc,6,84,0.5714285714285714,0.5370051635111875,0.7328063615384268,48,0.0,2.0,1.282411132692247,0.9397590361445782
wx4eqc,7,84,0.5238095238095238,0.5415949512335055,0.7359313495384644,44,0.0,1.0,1.4049598491188866,1.0339539978094197
wx4eqc,8,84,0.6666666666666666,0.6104417670682732,0.7813077287908223,56,0.0,2.0,1.1719615931862335,0.9156626506024099
wx4eqc,9,84,0.75,0.7921686746987951,0.8900385804552492,63,1.0,2.0,1.1867181072736657,1.0562248995983936
wx4eqc,10,84,0.8095238095238095,1.0476190476190477,1.023532631438318,68,1.0,2.0,1.2643638388355691,1.2941176470588236
wx4eqc,11,84,0.9404761904761905,1.0927997705106136,1.045370637865161,79,1.0,2.0,1.111533336464222,1.1619643129479942
wx4eqc,12,84,1.1666666666666667,1.8032128514056225,1.3428376117035232,98,1.0,3.0,1.1510036671744484,1.5456110154905334
wx4eqc,13,84,1.0595238095238095,1.0927997705106138,1.045370637865161,89,1.0,2.700000000000003,0.9866419503446464,1.0314065249763096
wx4eqc,14,84,1.0476190476190477,1.2507171543316122,1.11835466392894,88,1.0,3.0,1.067520361023079,1.1938663745892661
wx4eqc,15,84,0.7738095238095238,0.6108720596672406,0.7815830471979549,65,1.0,2.0,1.0100457840712032,0.7894346617238186
wx4eqc,16,84,0.6785714285714286,0.8954388984509466,0.9462763330290717,57,0.0,2.0,1.3945124907796844,1.319594166138237
wx4eqc,17,84,1.630952380952381,1.5850545037292028,1.258989477211467,137,1.0,3.700000000000003,0.7719351539106805,0.9718582358631608
wx4eqc,18,84,1.5833333333333333,2.197791164658635,1.4824949121864248,133,1.0,3.0,0.936312576117742,1.388078630310717
wx4eqc,19,84,1.5476190476190477,2.708548479632817,1.6457668363510114,130,1.0,4.0,1.0634185711806534,1.7501390176088971
wx4eqc,20,84,1.2023809523809523,1.4404761904761905,1.200198396297958,101,1.0,2.0,0.9981848048418662,1.198019801980198
wx4eqc,21,84,1.2619047619047619,1.1594951233505453,1.0767985528178172,106,1.0,3.0,0.8533120607235533,0.9188451920891114
wx4eqc,22,84,0.8214285714285714,0.8954388984509466,0.9462763330290717,69,1.0,2.0,1.1519885793397395,1.0900995285489785
wx4eqc,23,84,0.27380952380952384,0.29761904761904767,0.545544725589981,23,0.0,1.0,1.9924242151981912,1.0869565217391306
wx4eqd,0,84,0.07142857142857142,0.06712564543889842,0.25908617377023113,6,0.0,0.0,3.627206432783236,0.9397590361445779
wx4eqd,1,84,0.047619047619047616,0.04589787722317842,0.2142378986621611,4,0.0,0.0,4.498995871905383,0.9638554216867468
wx4eqd,2,84,0.07142857142857142,0.09122203098106713,0.3020298511423451,6,0.0,0.0,4.228417915992831,1.2771084337349399
wx4eqd,3,84,0.0,0.0,0.0,0,0.0,0.0,,
wx4eqd,4,84,0.023809523809523808,0.023522662076878947,0.1533709949008578,2,0.0,0.0,6.441581785836028,0.9879518072289158
wx4eqd,5,84,0.07142857142857142,0.06712564543889844,0.2590861737702312,6,0.0,0.0,3.627206432783237,0.9397590361445782
wx4eqd,6,84,0.08333333333333333,0.07730923694779115,0.27804538648895283,7,0.0,0.0,3.336544637867434,0.9277108433734939
wx4eqd,7,84,1.119047619047619,1.6483075157773952,1.283864290249322,94,1.0,3.0,1.1472829827759898,1.4729556523968212
wx4eqd,8,84,1.4642857142857142,1.528829604130809,1.2364584926841697,123,1.0,3.0,0.8444106779306526,1.0440787540405525
wx4eqd,9,84,1.6071428571428572,2.12091222030981,1.4563352019057323,135,1.0,4.0,0.9061641256302334,1.3196787148594373
wx4eqd,10,84,1.0,1.2048192771084338,1.0976425998969035,84,1.0,2.700000000000003,1.0976425998969035,1.2048192771084338
wx4eqd,11,84,3.2142857142857144,6.242685025817556,2.4985365768420436,270,3.0,7.0,0.7773224905730802,1.9421686746987952
wx4eqd,12,84,1.619047619047619,1.7085484796328168,1.3071145625509712,136,1.0,3.0,0.8073354651050116,1.055279943302622
wx4eqd,13,84,1.1428571428571428,1.3046471600688467,1.1422115215969617,96,1.0,3.0,0.9994350813973415,1.141566265060241
wx4eqd,14,84,1.0833333333333333,1.209839357429719,1.0999269782261543,91,1.0,3.0,1.0153172106702963,1.1167747914735868
wx4eqd,15,84,1.1547619047619047,1.240820424555364,1.1139211931529824,97,1.0,3.0,0.9646327858232013,1.074524903738666
wx4eqd,16,84,1.5238095238095237,2.300631095811819,1.5167831406670562,128,1.0,3.700000000000003,0.9953889360627557,1.5097891566265063
wx4eqd,17,84,2.5476190476190474,4.154331612162938,2.0382177538631483,214,2.0,5.0,0.8000480903014228,1.6306722215966674
wx4eqd,18,84,2.2976190476190474,3.416379804934022,1.8483451530853274,193,2.0,5.0,0.804461102897241,1.4869217803857921
wx4eqd,19,84,1.2857142857142858,1.7246127366609294,1.3132451167474142,108,1.0,3.0,1.021412868581322,1.3413654618473894
wx4eqd,20,84,0.7619047619047619,0.7378083763625932,0.858957726761098,64,1.0,2.0,1.1273820163739412,0.9683734939759037
wx4eqd,21,84,0.7738095238095238,0.6831612162937466,0.8265356715192312,65,1.0,2.0,1.0681384062710064,0.8828544949026879
wx4eqd,22,84,0.4642857142857143,0.4685886402753871,0.6845353462571433,39,0.0,1.0,1.4743838227076933,1.0092678405931415
wx4eqd,23,84,0.19047619047619047,0.15605278255880667,0.3950351662305606,16,0.0,1.0,2.073934622710443,0.819277108433735
wx4eqe,0,84,1.4166666666666667,1.5712851405622486,1.2535091306258,119,1.0,3.0,0.8848299745593882,1.1091424521615871
wx4eqe,1,84,0.6904761904761905,0.6500286861732645,0.8062435650430113,58,0.5,2.0,1.1676630942002233,0.9414208558371416
wx4eqe,2,84,0.4523809523809524,0.7085484796328171,0.8417532177739608,38,0.0,1.7000000000000028,1.8607176392898082,1.566265060240964
wx4eqe,3,84,0.5595238095238095,0.5867756741250717,0.7660128420105446,47,0.0,2.0,1.3690442282741648,1.048705460138426
wx4eqe,4,84,0.6547619047619048,0.6625071715433163,0.8139454352371025,55,0.0,2.0,1.2431166647257565,1.0118291347207011
wx4eqe,5,84,2.7023809523809526,3.4163798049340217,1.8483451530853272,227,2.0,5.0,0.6839691315381827,1.2642110291385806
wx4eqe,6,84,13.666666666666666,23.767068273092367,4.875148025762127,1148,14.0,19.700000000000003,0.3567181482264971,1.7390537760799294
wx4eqe,7,84,31.178571428571427,233.5942340791738,15.283789912164254,2619,37.0,48.0,0.4902017383053827,7.4921403828371895
wx4eqe,8,84,35.36904761904762,175.6573436603557,13.25357852281246,2971,36.5,51.7,0.37472251629627956,4.9664142939986125
wx4eqe,9,84,23.202380952380953,38.332042455536424,6.191287625004707,1949,23.0,31.700000000000003,0.2668384610058468,1.6520736615008003
wx4eqe,10,84,13.226190476190476,22.514486517498565,4.744943257563631,1111,13.0,19.0,0.3587535856303735,1.7022654072636179
wx4eqe,11,84,10.928571428571429,16.62134251290878,4.076928073060497,918,11.0,16.0,0.37305224197939185,1.5209071580439406
wx4eqe,12,84,11.369047619047619,24.332042455536428,4.932752016424141,955,11.0,17.0,0.43387557003102395,2.1402005929477066
wx4eqe,13,84,14.333333333333334,36.8995983935743,6.07450396275896,1204,14.5,22.0,0.42380260205295067,2.574390585598207
wx4eqe,14,84,9.178571428571429,15.690619621342512,3.961138677368228,771,8.5,15.0,0.43156374695062405,1.7094838497960712
wx4eqe,15,84,11.273809523809524,21.863884107860013,4.675883243608635,947,11.0,17.0,0.4147562750402591,1.9393519166422821
wx4eqe,16,84,12.619047619047619,23.85312679288583,4.883966297271699,1060,13.0,18.700000000000003,0.38703129148190824,1.8902477835871792
wx4eqe,17,84,16.416666666666668,42.70381526104418,6.534815625635063,1379,16.5,23.700000000000003,0.3980598350640647,2.601247630114366
wx4eqe,18,84,15.130952380952381,31.151319563970166,5.581336718382986,1271,16.0,22.0,0.36886883111264424,2.058781151356014
wx4eqe,19,84,11.523809523809524,20.276534710269644,4.5029473359422765,968,11.0,17.700000000000003,0.3907516283255694,1.7595340037837295
wx4eqe,20,84,8.988095238095237,15.385398737808378,3.922422559822995,755,9.0,14.0,0.4364019801657372,1.7117529721535152
wx4eqe,21,84,6.988095238095238,11.505880665519221,3.392031937573587,587,7.0,11.0,0.4854015038435797,1.6464974035836706
wx4eqe,22,84,4.238095238095238,4.737808376362594,2.1766507244761604,356,4.0,7.0,0.5135917439775209,1.1179098416136457
wx4eqe,23,84,1.9285714285714286,3.247848537005164,1.8021788304730373,162,2.0,4.700000000000003,0.9344630972823156,1.6840696117804554
wx4eqf,0,84,0.09523809523809523,0.15949512335054497,0.39936840554874264,8,0.0,0.0,4.193368258261798,1.6746987951807222
wx4eqf,1,84,0.047619047619047616,0.045897877223178424,0.21423789866216114,4,0.0,0.0,4.498995871905384,0.963855421686747
wx4eqf,2,84,0.05952380952380952,0.08075157773952955,0.284168220847317,5,0.0,0.0,4.774026110234926,1.3566265060240965
wx4eqf,3,84,0.03571428571428571,0.03485370051635114,0.18669145807013007,3,0.0,0.0,5.227360825963642,0.9759036144578319
wx4eqf,4,84,0.011904761904761904,0.011904761904761904,0.10910894511799618,1,0.0,0.0,9.16515138991168,1.0
wx4eqf,5,84,0.09523809523809523,0.08720596672403902,0.2953065639704594,8,0.0,0.0,3.100718921689824,0.9156626506024097
wx4eqf,6,84,0.2261904761904762,0.29761904761904756,0.5455447255899809,19,0.0,1.0,2.4118819447136,1.3157894736842102
wx4eqf,7,84,0.5238095238095238,0.5897877223178429,0.7679763813541683,44,0.0,1.7000000000000028,1.466136728039776,1.1259583789704273
wx4eqf,8,84,0.9642857142857143,0.9505163511187608,0.9749442810329013,81,1.0,2.0,1.0110533284785643,0.9857206604194556
wx4eqf,9,84,0.7738095238095238,0.9000286861732648,0.9486984168708541,65,1.0,2.0,1.2260102618023345,1.163113994439296
wx4eqf,10,84,0.6071428571428571,0.7233218588640276,0.8504833089861479,51,0.0,2.0,1.4007960383301261,1.1913536498936925
wx4eqf,11,84,1.2142857142857142,1.6884681583476764,1.2994106965650531,102,1.0,3.0,1.0701029265829851,1.3905031892274984
wx4eqf,12,84,1.1666666666666667,1.2730923694779115,1.128313949872956,98,1.0,2.700000000000003,0.9671262427482479,1.091222030981067
wx4eqf,13,84,0.9166666666666666,1.0652610441767068,1.0321148405951281,77,1.0,2.0,1.1259434624674125,1.16210295728368
wx4eqf,14,84,0.9285714285714286,1.0309810671256454,1.015372378551655,78,1.0,2.0,1.0934779461325517,1.1102873030583873
wx4eqf,15,84,0.7738095238095238,0.8277395295467588,0.9098019177528474,65,1.0,2.0,1.175744016788295,1.0696941612604267
wx4eqf,16,84,1.0833333333333333,1.2821285140562249,1.13231113836093,91,1.0,2.700000000000003,1.0452102815639353,1.1835032437442077
wx4eqf,17,84,1.9523809523809523,2.19047619047619,1.4800257398019097,164,2.0,4.0,0.758061964288783,1.1219512195121948
wx4eqf,18,84,2.0238095238095237,2.168100975329891,1.4724472742104864,170,2.0,4.0,0.7275621825510639,1.0712969525159461
wx4eqf,19,84,1.2261904761904763,1.3096672403901322,1.1444069382829396,103,1.0,2.0,0.9333027457841448,1.0680781377938942
wx4eqf,20,84,1.1071428571428572,1.3016351118760754,1.1408922437619056,93,1.0,2.700000000000003,1.0304833169462373,1.1756704236300035
wx4eqf,21,84,0.8571428571428571,0.895008605851979,0.9460489447443927,72,1.0,2.0,1.1037237688684582,1.044176706827309
wx4eqf,22,84,0.5119047619047619,0.44563970166379807,0.6675625076828372,43,0.0,1.0,1.304075596403682,0.8705519753432335
wx4eqf,23,84,0.2619047619047619,0.21973608720596668,0.4687601595762663,22,0.0,1.0,1.7898115183821077,0.8389923329682364
wx4eqg,0,84,0.8690476190476191,1.1995123350545038,1.0952225048155757,73,1.0,2.700000000000003,1.2602560329384707,1.3802607691038127
wx4eqg,1,84,0.5833333333333334,0.679718875502008,0.8244506507378159,49,0.0,2.0,1.4133439726933985,1.1652323580034423
wx4eqg,2,84,0.2261904761904762,0.24942627653471022,0.49942594699786097,19,0.0,1.0,2.2079883972537013,1.1027266962587188
wx4eqg,3,84,0.14285714285714285,0.19621342512908777,0.44295984595568905,12,0.0,0.7000000000000028,3.1007189216898237,1.3734939759036144
wx4eqg,4,84,0.6309523809523809,0.42842799770510614,0.6545441144072003,53,1.0,1.0,1.0373906718906571,0.6790179586269607
wx4eqg,5,84,1.0,1.2530120481927711,1.1193802071650056,84,1.0,2.700000000000003,1.1193802071650056,1.2530120481927711
wx4eqg,6,84,7.095238095238095,22.279977051061387,4.720167057537411,596,6.0,14.0,0.6652584443509103,3.1401309937737527
wx4eqg,7,84,22.511904761904763,148.63841078600115,12.191735347603357,1891,25.0,37.0,0.5415683602319841,6.602658120583869
wx4eqg,8,84,19.357142857142858,89.70223752151465,9.471126518081926,1626,21.0,31.0,0.48928328875699983,4.634063931000757
wx4eqg,9,84,11.095238095238095,13.412507171543313,3.662308994547472,932,11.0,16.0,0.3300793514399009,1.208852577692745
wx4eqg,10,84,8.369047619047619,9.247705106138842,3.041003963519094,703,8.0,12.700000000000003,0.36336320474481354,1.1049889458259783
wx4eqg,11,84,7.821428571428571,10.799053356282274,3.286191314619749,657,8.0,12.0,0.4201523141979588,1.38070088573472
wx4eqg,12,84,8.488095238095237,14.493832472748132,3.8070766307953576,713,8.0,13.0,0.44851954696607305,1.7075482857094575
wx4eqg,13,84,8.476190476190476,12.156052782558806,3.4865531377793175,712,9.0,12.700000000000003,0.4113349207492453,1.4341410586164884
wx4eqg,14,84,6.761904761904762,12.352266207687897,3.5145790939581794,568,7.0,11.0,0.5197616969938152,1.826743594094689
wx4eqg,15,84,8.416666666666666,15.450803212851406,3.9307509731413166,707,9.0,13.0,0.4670199176009485,1.835738995586306
wx4eqg,16,84,8.547619047619047,16.130235226620766,4.016246410097464,718,9.0,14.0,0.4698672680336866,1.8871027284625965
wx4eqg,17,84,14.964285714285714,31.167383820998282,5.582775637709103,1257,15.5,21.700000000000003,0.37307331230514296,2.0827845990165916
wx4eqg,18,84,15.166666666666666,36.79116465863455,6.065572080079055,1274,16.0,22.0,0.3999278294557619,2.425791076393487
wx4eqg,19,84,10.666666666666666,18.39357429718875,4.288773052656056,896,11.0,16.0,0.4020724736865053,1.7243975903614452
wx4eqg,20,84,8.345238095238095,14.39744693057946,3.794396780857197,701,8.0,12.0,0.45467807359772405,1.725229018785556
wx4eqg,21,84,7.654761904761905,10.566121629374642,3.250557125997733,643,7.5,11.0,0.42464509888617347,1.3803331522044633
wx4eqg,22,84,3.6904761904761907,3.3729202524383233,1.83655118426858,310,3.5,6.0,0.49764612735019587,0.9139525845316746
wx4eqg,23,84,1.7023809523809523,2.066982214572576,1.4377003215456885,143,1.0,4.0,0.8445232658030618,1.214171370797877
wx4eqm,0,84,0.15476190476190477,0.20467584624211138,0.4524111473451018,13,0.0,1.0,2.923272028999119,1.322520852641335
wx4eqm,1,84,0.08333333333333333,0.07730923694779115,0.27804538648895283,7,0.0,0.0,3.336544637867434,0.9277108433734939
wx4eqm,2,84,0.03571428571428571,0.03485370051635113,0.18669145807013005,3,0.0,0.0,5.2273608259636415,0.9759036144578317
wx4eqm,3,84,0.011904761904761904,0.0119047619047619,0.10910894511799617,1,0.0,0.0,9.165151389911678,0.9999999999999997
wx4eqm,4,84,0.0,0.0,0.0,0,0.0,0.0,,
wx4eqm,5,84,0.011904761904761904,0.011904761904761906,0.1091089451179962,1,0.0,0.0,9.165151389911681,1.0000000000000002
wx4eqm,6,84,0.4166666666666667,0.3664658634538152,0.6053642403163695,35,0.0,1.0,1.4528741767592868,0.8795180722891565
wx4eqm,7,84,1.25,1.5632530120481927,1.2503011685382817,105,1.0,3.0,1.0002409348306254,1.2506024096385542
wx4eqm,8,84,3.3333333333333335,5.598393574297187,2.3660924695153374,280,3.0,6.0,0.7098277408546012,1.679518072289156
wx4eqm,9,84,1.5595238095238095,1.9361732644865173,1.3914644316282458,131,1.0,3.0,0.892236734784524,1.2415156810447896
wx4eqm,10,84,0.7023809523809523,0.6693918531267928,0.8181637080235182,59,1.0,2.0,1.1648432453216193,0.9530324688584848
wx4eqm,11,84,0.7142857142857143,0.6884681583476763,0.8297398136450223,60,1.0,2.0,1.1616357391030312,0.9638554216867468
wx4eqm,12,84,1.0357142857142858,0.998709122203098,0.9993543526713125,87,1.0,2.0,0.964893857751612,0.9642708766098876
wx4eqm,13,84,1.4404761904761905,2.273522662076879,1.5078205006156664,121,1.0,3.700000000000003,1.046751421915008,1.5783132530120483
wx4eqm,14,84,0.9642857142857143,1.3360585197934596,1.155879976378802,81,1.0,3.0,1.198690345874313,1.3855421686746987
wx4eqm,15,84,0.7738095238095238,1.3337636259323007,1.1548868455101136,65,0.0,2.0,1.492469154197685,1.7236329935125116
wx4eqm,16,84,1.119047619047619,1.4796328169822148,1.2164015854076378,94,1.0,2.700000000000003,1.0869971614281018,1.3222250704947451
wx4eqm,17,84,1.369047619047619,2.115174985656914,1.4543641172886912,115,1.0,3.0,1.0623181378456528,1.544997380827659
wx4eqm,18,84,1.7738095238095237,2.683161216293746,1.638035779918664,149,1.0,4.0,0.9234564128400522,1.5126546454273468
wx4eqm,19,84,1.8095238095238095,2.6620768789443487,1.6315872268880842,152,1.0,4.0,0.9016666253855202,1.471147748890298
wx4eqm,20,84,1.1904761904761905,1.650028686173264,1.2845344238957803,100,1.0,3.0,1.0790089160724554,1.3860240963855417
wx4eqm,21,84,0.9047619047619048,1.051061388410786,1.0252128502953843,76,1.0,2.0,1.1331299924317406,1.1616994292961318
wx4eqm,22,84,0.4166666666666667,0.5110441767068273,0.7148735389611419,35,0.0,1.0,1.7156964935067405,1.2265060240963856
wx4eqm,23,84,0.6666666666666666,0.8995983935742973,0.9484716092610771,56,0.0,2.0,1.4227074138916158,1.349397590361446
wx4eqs,0,84,1.4047619047619047,1.400458978772232,1.1834098946570593,118,1.0,3.0,0.8424273826372287,0.9969369001429448
wx4eqs,1,84,0.5714285714285714,0.8020654044750432,0.8955810429408626,48,0.0,2.0,1.5672668251465096,1.4036144578313257
wx4eqs,2,84,0.6071428571428571,0.6751290877796902,0.821662392823044,51,0.0,2.0,1.3533262940614843,1.1119773210489015
wx4eqs,3,84,0.5238095238095238,0.4693057946069994,0.6850589716272603,44,0.0,1.7000000000000028,1.3078398549247696,0.8959474260679079
wx4eqs,4,84,0.6785714285714286,0.65447504302926,0.8089963183038968,57,1.0,2.0,1.1922051006583743,0.9644895370957515
wx4eqs,5,84,0.8690476190476191,0.958548479632817,0.9790548910213446,73,1.0,2.0,1.1265837102163416,1.1029872916322825
wx4eqs,6,84,6.535714285714286,13.095094664371773,3.6187145044023263,549,6.0,11.0,0.5536830935697549,2.003621041543222
wx4eqs,7,84,24.654761904761905,132.66250717154335,11.517921130635656,2071,27.0,39.0,0.46716821582491314,5.380806664611126
wx4eqs,8,84,23.845238095238095,80.73479632816981,8.985254383052814,2003,23.0,36.7,0.3768154608968729,3.3857827716256934
wx4eqs,9,84,24.821428571428573,66.07616179001722,8.128724487274571,2085,24.0,37.0,0.32748818078228487,2.66206119441796
wx4eqs,10,84,16.666666666666668,35.598393574297184,5.966438935772089,1400,16.0,23.700000000000003,0.35798633614632536,2.1359036144578307
wx4eqs,11,84,17.523809523809526,34.75846242111302,5.8956307907731995,1472,17.0,24.700000000000003,0.33643545273434017,1.9834992142482972
wx4eqs,12,84,17.452380952380953,45.142283419391845,6.718800742646849,1466,17.0,27.0,0.3849790330029572,2.5865974128437346
wx4eqs,13,84,21.94047619047619,70.92412507171544,8.421646221001891,1843,22.0,32.7,0.3838406307998692,3.2325699978427003
wx4eqs,14,84,14.166666666666666,38.95983935742972,6.241781745417708,1190,13.0,20.700000000000003,0.4405963585000735,2.7501063075832746
wx4eqs,15,84,14.642857142857142,28.473321858864026,5.336039904167137,1230,16.0,21.0,0.36441248126019476,1.944519541580958
wx4eqs,16,84,18.011904761904763,50.90347102696501,7.134666847650632,1513,17.5,26.700000000000003,0.39610840396738467,2.8261014978619037
wx4eqs,17,84,25.05952380952381,99.76749856569134,9.98836816330332,2105,25.0,35.7,0.39858571292991873,3.9812208453767566
wx4eqs,18,84,18.11904761904762,36.85312679288583,6.070677622216966,1522,18.0,24.0,0.3350439686374672,2.033943922866235
wx4eqs,19,84,13.571428571428571,33.091222030981065,5.752497025725529,1140,13.0,21.0,0.42386820189556534,2.438300570703868
wx4eqs,20,84,9.630952380952381,19.368187033849683,4.400930246419464,809,9.0,16.0,0.45695691062946225,2.011035489299596
wx4eqs,21,84,8.738095238095237,12.436603557085487,3.52655689831959,734,8.5,13.0,0.4035841682000621,1.4232625324185026
wx4eqs,22,84,6.333333333333333,7.670682730923694,2.769599742006721,532,6.0,9.0,0.43730522242211384,1.211160431198478
wx4eqs,23,84,2.892857142857143,2.3618760757314976,1.5368396389121077,243,3.0,5.0,0.5312532085128274,0.8164509891417523
wx4eqt,0,84,3.25,5.418674698795181,2.3278046951570444,273,3.0,6.0,0.7162475985098598,1.6672845227062096
wx4eqt,1,84,1.2857142857142858,1.6764199655765923,1.294766374901894,108,1.0,3.0,1.0070405138125842,1.3038821954484605
wx4eqt,2,84,1.0357142857142858,1.287865748709122,1.134841728484251,87,1.0,3.0,1.0957092550882421,1.2434565849605315
wx4eqt,3,84,0.8214285714285714,0.7026678141135971,0.8382528342413148,69,1.0,2.0,1.0204817112502964,0.8554216867469878
wx4eqt,4,84,0.5,0.6144578313253012,0.7838736067283432,42,0.0,1.0,1.5677472134566863,1.2289156626506024
wx4eqt,5,84,0.9880952380952381,0.9998565691336774,0.9999282819951025,83,1.0,2.0,1.0119756106938387,1.011903033822035
wx4eqt,6,84,14.976190476190476,32.144004589787734,5.6695682895426645,1258,15.0,22.0,0.37857212744164054,2.1463405290478295
wx4eqt,7,84,62.23809523809524,530.6896156052782,23.03670149143054,5228,71.0,87.4,0.37013827951036066,8.52676505563186
wx4eqt,8,84,257.85714285714283,22284.822719449225,149.28101928727986,21660,332.0,401.0,0.5789291606708915,86.42313520008011
wx4eqt,9,84,193.21428571428572,12177.736660929431,110.35278275118137,16230,219.5,321.7,0.5711419439987205,63.0271028661782
wx4eqt,10,84,80.47619047619048,1365.0235226620766,36.946224741671195,6760,83.0,129.4,0.45909510034029294,16.96183075497255
wx4eqt,11,84,50.333333333333336,243.2128514056225,15.59528298574997,4228,52.5,67.7,0.3098400593195358,4.832043405409719
wx4eqt,12,84,52.82142857142857,297.35327022375213,17.243934302349686,4437,54.0,73.0,0.3264571740809947,5.629406062383408
wx4eqt,13,84,50.857142857142854,305.7624784853701,17.48606526595878,4272,51.0,75.7,0.3438271260160434,6.01218356572357
wx4eqt,14,84,44.154761904761905,152.95166379804937,12.367362847351465,3709,44.0,60.400000000000006,0.28009125887773606,3.4639902289124147
wx4eqt,15,84,45.845238095238095,204.83118187033847,14.311924464247932,3851,48.0,60.7,0.31217908465251265,4.467883478864823
wx4eqt,16,84,50.01190476190476,260.3733505450372,16.13608845244216,4201,51.5,68.0,0.322644948822933,5.206227432940521
wx4eqt,17,84,89.28571428571429,1244.881239242685,35.28287458871067,7500,101.0,125.7,0.39516819539355946,13.942669879518071
wx4eqt,18,84,91.28571428571429,1412.1583476764204,37.578695396147275,7668,100.5,136.7,0.41166019995779485,15.469653260931052
wx4eqt,19,84,57.07142857142857,513.2719449225474,22.655505841241933,4794,62.5,81.7,0.39696756167382613,8.993500912284937
wx4eqt,20,84,36.273809523809526,197.430149168101,14.050983921708152,3047,35.5,55.0,0.3873589266240514,5.442774049924674
wx4eqt,21,84,28.738095238095237,117.01491681009753,10.817343334206303,2414,29.0,42.0,0.3764112842060188,4.071770096126012
wx4eqt,22,84,23.416666666666668,61.59538152610441,7.848272518593147,1967,24.0,33.7,0.3351575452779991,2.6304077520044586
wx4eqt,23,84,8.464285714285714,17.93846815834768,4.235382882142733,711,7.0,14.0,0.5003827877636984,2.119312693813228
wx4equ,0,84,1.8095238095238095,2.2524383247274815,1.500812554827378,152,2.0,3.0,0.8293964118782878,1.2447685478757136
wx4equ,1,84,1.0595238095238095,1.5747274813539882,1.254881461076698,89,1.0,3.0,1.1843825025892432,1.4862596453228654
wx4equ,2,84,0.42857142857142855,0.4165232358003443,0.6453861137337433,36,0.0,1.0,1.505900932045401,0.9718875502008034
wx4equ,3,84,0.32142857142857145,0.3412220309810672,0.5841421325166224,27,0.0,1.0,1.817331078940603,1.0615796519410978
wx4equ,4,84,0.30952380952380953,0.45725760183591513,0.676208253303607,26,0.0,1.0,2.1846728183654993,1.4772937905468027
wx4equ,5,84,1.0,1.2048192771084338,1.0976425998969035,84,1.0,3.0,1.0976425998969035,1.2048192771084338
wx4equ,6,84,6.071428571428571,11.85025817555938,3.4424203949487895,510,6.0,11.0,0.5669868885798006,1.9518072289156627
wx4equ,7,84,22.25,111.78012048192771,10.572611809857,1869,25.0,34.0,0.47517356448795506,5.0238256396372005
wx4equ,8,84,28.61904761904762,141.9495123350545,11.91425668411817,2404,32.5,41.0,0.4163051420407347,4.959966321191588
wx4equ,9,84,22.047619047619047,67.61216293746415,8.222661548274022,1852,21.5,34.400000000000006,0.3729500918223639,3.0666423794530178
wx4equ,10,84,18.892857142857142,44.89199655765921,6.7001489951835556,1587,20.0,25.0,0.3546392662857081,2.3761359236568205
wx4equ,11,84,27.773809523809526,112.36990820424556,10.600467357821802,2333,28.0,41.0,0.38167134936006486,4.045894680307169
wx4equ,12,84,26.845238095238095,76.08419391853127,8.722625402854995,2255,27.0,37.400000000000006,0.32492263141455413,2.8341783987390805
wx4equ,13,84,27.083333333333332,110.4628514056225,10.510130893838692,2275,26.5,39.7,0.38806637146481326,4.078628359592216
wx4equ,14,84,22.797619047619047,87.15131956397016,9.335487109089176,1915,22.5,31.700000000000003,0.4094939515214051,3.8228255056780647
wx4equ,15,84,23.773809523809526,76.29761904761904,8.734850831446353,1997,25.0,34.7,0.36741485720655664,3.209313970956434
wx4equ,16,84,28.714285714285715,103.50774526678141,10.17387562666172,2412,29.0,41.0,0.35431407655040814,3.6047473475993526
wx4equ,17,84,39.76190476190476,205.62937464142283,14.339782935645255,3340,40.0,58.0,0.36064124748329385,5.171517206550754
wx4equ,18,84,33.48809523809524,125.57816982214571,11.206166598000662,2813,33.0,49.0,0.3346313523754197,3.749934683633217
wx4equ,19,84,22.75,62.52710843373494,7.907408452440973,1911,23.0,31.0,0.3475783935138889,2.7484443267575798
wx4equ,20,84,20.083333333333332,62.43875502008032,7.901819728396765,1687,20.0,30.700000000000003,0.39345160473344887,3.1089836524521326
wx4equ,21,84,17.88095238095238,35.38324727481354,5.948381903914168,1502,18.0,26.0,0.3326658321762917,1.9788234161680012
wx4equ,22,84,13.154761904761905,23.12033849684452,4.808361310971184,1105,13.0,18.700000000000003,0.3655224887978094,1.7575641934252848
wx4equ,23,84,4.321428571428571,5.787005163511187,2.405619496826376,363,4.0,7.0,0.5566722802573433,1.3391416907298617
wx4eqv,0,84,3.7857142857142856,4.290877796901894,2.0714434090512572,318,3.0,7.0,0.547173730692785,1.1334394180495568
wx4eqv,1,84,1.8452380952380953,2.0600975329890994,1.4353039862653136,155,2.0,4.0,0.7778421602986215,1.1164399533618343
wx4eqv,2,84,0.8809523809523809,1.3350545037292025,1.1554455866587585,74,0.0,2.0,1.3115868821531853,1.5154672745034192
wx4eqv,3,84,0.36904761904761907,0.3561388410786001,0.5967736933533516,31,0.0,1.0,1.6170642013445655,0.9650213758258841
wx4eqv,4,84,0.35714285714285715,0.3769363166953528,0.6139513960366512,30,0.0,1.0,1.7190639089026232,1.0554216867469879
wx4eqv,5,84,1.619047619047619,1.8290304073436603,1.352416506607214,136,1.0,3.0,0.8353160776103381,1.1296952515946137
wx4eqv,6,84,10.30952380952381,27.75846242111303,5.268630032666275,866,11.0,17.0,0.5110449454318327,2.6925067475444506
wx4eqv,7,84,55.48809523809524,644.4215433161216,25.3854592890521,4661,63.0,84.7,0.45749379538304574,11.613690117690242
wx4eqv,8,84,89.85714285714286,2212.9432013769365,47.04193024714161,7548,109.0,142.10000000000002,0.5235190965500656,24.627348822954776
wx4eqv,9,84,72.39285714285714,1130.8197074010327,33.62766282989397,6081,78.5,111.0,0.4645163094410613,15.620597832870704
wx4eqv,10,84,47.583333333333336,220.41465863453817,14.846368533568677,3997,47.5,67.4,0.3120077450137025,4.632181967801152
wx4eqv,11,84,39.73809523809524,131.15949512335058,11.452488599573046,3338,40.0,54.0,0.288199233781946,3.300598439293424
wx4eqv,12,84,49.75,234.40662650602408,15.310343774913223,4179,50.0,68.7,0.3077456035158437,4.71169098504571
wx4eqv,13,84,47.714285714285715,187.70051635111878,13.700383803058905,4008,49.5,62.0,0.28713379227967767,3.9338431570593757
wx4eqv,14,84,43.083333333333336,126.55923694779118,11.249854974522613,3619,43.0,55.0,0.26111849070458676,2.9375451515928317
wx4eqv,15,84,45.04761904761905,198.21457257601836,14.078869719406397,3784,46.0,61.0,0.31253304873946547,4.4001120762118235
wx4eqv,16,84,52.642857142857146,257.2925989672977,16.040342856912307,4422,55.0,69.7,0.3047012211625133,4.887512056366577
wx4eqv,17,84,70.13095238095238,398.11517498565695,19.952823734641093,5891,74.0,92.7,0.28450809602951144,5.676739891155183
wx4eqv,18,84,69.55952380952381,482.6831612162937,21.97005146139384,5843,75.0,92.7,0.315845340194606,6.939138377916938
wx4eqv,19,84,48.23809523809524,233.24383247274812,15.272322432189156,4052,49.0,67.4,0.3166029329476528,4.8352620749533175
wx4eqv,20,84,37.25,163.8524096385542,12.800484742327308,3129,36.5,54.0,0.343637174290666,4.39872240640414
wx4eqv,21,84,37.20238095238095,122.93445209409066,11.087580984781606,3125,37.0,50.400000000000006,0.2980341768709296,3.3044780722891574
wx4eqv,22,84,31.107142857142858,92.36187607573147,9.610508627316843,2613,30.0,43.0,0.3089486125888308,2.9691533066825273
wx4eqv,23,84,9.273809523809524,19.83978772231784,4.454187661327017,779,9.0,15.0,0.4802975141867387,2.1393352614566092
wx4eqw,0,84,3.75,5.418674698795181,2.3278046951570444,315,4.0,7.0,0.6207479187085452,1.444979919678715
wx4eqw,1,84,1.5833333333333333,1.5230923694779117,1.2341362848072783,133,1.0,3.0,0.7794544956677548,0.9619530754597337
wx4eqw,2,84,0.8452380952380952,0.7588927137119906,0.8711444849805288,71,1.0,2.0,1.0306498132164001,0.897844900729679
wx4eqw,3,84,0.5238095238095238,0.7102696500286861,0.8427749699823116,44,0.0,2.0,1.6089340336025948,1.3559693318729462
wx4eqw,4,84,0.5714285714285714,0.5370051635111875,0.7328063615384268,48,0.0,1.0,1.282411132692247,0.9397590361445782
wx4eqw,5,84,0.9166666666666666,0.9929718875502005,0.9964797476869264,77,1.0,2.0,1.0870688156584651,1.0832420591456733
wx4eqw,6,84,8.952380952380953,18.2627653471027,4.273495682354517,752,9.5,14.0,0.4773585602630046,2.0399897462189185
wx4eqw,7,84,30.928571428571427,204.7418244406196,14.308802341238053,2598,36.5,46.7,0.4626402604557338,6.6198280419599875
wx4eqw,8,84,34.785714285714285,149.03786574870912,12.208106558705536,2922,36.0,48.0,0.35095172858701745,4.284456099552213
wx4eqw,9,84,33.357142857142854,73.79862306368331,8.590612496422086,2802,33.0,44.0,0.257534421734281,2.21237842160935
wx4eqw,10,84,27.285714285714285,68.64027538726333,8.284942690644476,2292,27.0,37.0,0.3036366431126248,2.515612186967766
wx4eqw,11,84,41.79761904761905,206.16336775674125,14.358390151989228,3511,42.0,61.10000000000001,0.3435217239439177,4.93241893807071
wx4eqw,12,84,56.69047619047619,294.0235226620769,17.147114120518268,4762,57.0,79.0,0.30246904370506816,5.1864712103348305
wx4eqw,13,84,52.714285714285715,307.6523235800344,17.540020626556696,4428,53.0,74.4,0.3327375186609671,5.836222940542658
wx4eqw,14,84,51.607142857142854,212.5546471600689,14.579253998750035,4335,52.0,69.10000000000001,0.28250457575432597,4.118705965731439
wx4eqw,15,84,47.26190476190476,208.19563970166385,14.428986094028362,3970,49.0,62.7,0.3052984463220107,4.405147036508756
wx4eqw,16,84,57.785714285714285,314.5800344234079,17.736404213464688,4854,58.5,75.4,0.3069340654987709,5.443906652568245
wx4eqw,17,84,164.45238095238096,6098.057946069994,78.09006304306581,13814,202.5,244.4,0.47484908756461036,37.080995183862704
wx4eqw,18,84,209.22619047619048,11138.562679288581,105.53938923117084,17575,246.0,323.90000000000003,0.5044272372926515,53.23694253543333
wx4eqw,19,84,91.64285714285714,1433.3407917383822,37.85948747326596,7698,94.0,136.10000000000002,0.41311989448614456,15.640507470255146
wx4eqw,20,84,61.51190476190476,535.5058806655192,23.140999992772983,5167,61.5,88.7,0.37620359965026723,8.705727496788002
wx4eqw,21,84,42.26190476190476,159.42455536431441,12.626343705297842,3550,40.5,60.0,0.29876418908310387,3.7722993381978625
wx4eqw,22,84,29.75,84.04518072289157,9.16761586907368,2499,28.0,44.0,0.3081551552629809,2.825048091525767
wx4eqw,23,84,6.75,12.478915662650602,3.5325508719126186,567,6.0,11.700000000000003,0.5233408699129806,1.8487282463186077
wx4eqx,0,84,0.47619047619047616,0.6620768789443487,0.8136810670922292,40,0.0,1.0,1.7087302408936815,1.3903614457831324
wx4eqx,1,84,0.25,0.286144578313253,0.5349248342648274,21,0.0,1.0,2.1396993370593096,1.144578313253012
wx4eqx,2,84,0.11904761904761904,0.13023522662076878,0.36088118075173825,10,0.0,0.7000000000000028,3.0314019183146015,1.0939759036144578
wx4eqx,3,84,0.07142857142857142,0.0912220309810671,0.30202985114234504,6,0.0,0.0,4.228417915992831,1.2771084337349394
wx4eqx,4,84,0.23809523809523808,0.2317842799770511,0.48143979891264815,20,0.0,1.0,2.0220471554331225,0.9734939759036146
wx4eqx,5,84,0.39285714285714285,0.41006884681583483,0.6403661818177431,33,0.0,1.0,1.630023008263346,1.0438116100766706
wx4eqx,6,84,1.8333333333333333,2.3333333333333335,1.5275252316519468,154,2.0,3.700000000000003,0.8331955809010619,1.272727272727273
wx4eqx,7,84,4.464285714285714,5.022805507745266,2.241161642484822,375,4.0,7.0,0.5020202079166002,1.1251084337349395
wx4eqx,8,84,9.797619047619047,25.729632816982214,5.072438547383518,823,10.0,15.700000000000003,0.5177215528313676,2.6261107613930816
wx4eqx,9,84,10.083333333333334,17.474899598393574,4.180298984330376,847,10.5,15.0,0.4145751058840042,1.733047894055561
wx4eqx,10,84,8.238095238095237,13.798049340218016,3.7145725649417614,692,8.0,13.0,0.45090187204495374,1.6749077233790657
wx4eqx,11,84,12.261904761904763,27.376362593230066,5.232242596939678,1030,12.0,19.0,0.42670716324556596,2.232635395952743
wx4eqx,12,84,12.952380952380953,32.118187033849686,5.667290978399617,1088,12.5,19.700000000000003,0.4375482005382057,2.4797129695251594
wx4eqx,13,84,9.261904761904763,18.051061388410787,4.248654067867939,778,9.0,15.0,0.4587235754510371,1.9489577848669744
wx4eqx,14,84,7.392857142857143,12.41006884681583,3.522792762399717,621,7.0,12.0,0.4765130306627636,1.6786566556079383
wx4eqx,15,84,8.333333333333334,14.27309236947791,3.7779746385435025,700,8.0,13.0,0.45335695662522024,1.7127710843373491
wx4eqx,16,84,13.0,31.59036144578313,5.6205303527143355,1092,13.0,19.0,0.4323484886703335,2.4300278035217793
wx4eqx,17,84,29.357142857142858,105.26850258175557,10.260043985371388,2466,28.0,42.7,0.34949054938004726,3.5857884091108954
wx4eqx,18,84,23.964285714285715,100.6854561101549,10.034214274678158,2013,24.0,36.0,0.418715349763023,4.201479539618982
wx4eqx,19,84,10.654761904761905,20.445639701663797,4.521685493448632,895,11.0,16.0,0.42438165525104476,1.9189203742343675
wx4eqx,20,84,7.666666666666667,13.98393574297189,3.739510093979142,644,7.0,12.0,0.4877621861711924,1.8239916186485072
wx4eqx,21,84,4.916666666666667,5.282128514056225,2.298288170368595,413,5.0,8.0,0.4674484414309007,1.0743312231978763
wx4eqx,22,84,3.6904761904761907,6.577739529546756,2.564710418262997,310,3.0,7.0,0.6949537907551346,1.7823552273610563
wx4eqx,23,84,1.7142857142857142,1.5800344234079169,1.25699420181953,144,2.0,3.0,0.7332466177280592,0.9216867469879516
wx4eqy,0,84,4.011904761904762,5.192627653471027,2.2787337829310004,337,4.0,7.0,0.5679929904041663,1.2943048157019772
wx4eqy,1,84,1.7261904761904763,1.7915949512335059,1.3385047445689184,145,1.0,3.0,0.7754096451295803,1.0378894889904446
wx4eqy,2,84,0.9404761904761905,0.9000286861732645,0.9486984168708539,79,1.0,2.0,1.008742620470275,0.9569925270703066
wx4eqy,3,84,0.3333333333333333,0.4658634538152612,0.6825419062704218,28,0.0,1.0,2.0476257188112656,1.3975903614457836
wx4eqy,4,84,1.5476190476190477,1.3109581181870338,1.144970793595642,130,1.0,3.0,0.7398272820156455,0.8470806302131603
wx4eqy,5,84,3.6904761904761907,4.0717154331612155,2.017849209718411,310,4.0,6.0,0.5467720439236985,1.1033035367275552
wx4eqy,6,84,12.297619047619047,28.33204245553643,5.322785215987626,1033,13.0,18.700000000000003,0.43283054999318543,2.30386405253152
wx4eqy,7,84,44.0,429.71084337349396,20.729467995428486,3696,51.0,66.7,0.4711242726233747,9.766155531215771
wx4eqy,8,84,97.5,2418.132530120482,49.17451097998313,8190,114.5,146.4,0.5043539587690578,24.801359283286995
wx4eqy,9,84,73.19047619047619,805.3367756741251,28.378456189055196,6148,77.5,107.4,0.3877342745414178,11.003300123068723
wx4eqy,10,84,49.892857142857146,221.06067125645438,14.868109202466007,4191,50.5,67.7,0.2980007571002492,4.430707798984053
wx4eqy,11,84,46.666666666666664,167.3574297188755,12.936669962508725,3920,47.0,64.0,0.2772143563394727,3.5862306368330463
wx4eqy,12,84,56.023809523809526,246.38496844520947,15.696654689621273,4706,58.5,76.4,0.2801782817526959,4.397861740203484
wx4eqy,13,84,55.92857142857143,320.7177280550775,17.90859369283578,4698,55.0,77.7,0.32020474035721697,5.734416593577375
wx4eqy,14,84,53.23809523809524,166.78600114744694,12.914565464910035,4472,55.5,68.7,0.24258128333015272,3.1328318641291464
wx4eqy,15,84,48.892857142857146,236.2413941480207,15.370146198004127,4107,50.5,67.7,0.3143638375048324,4.831818141814886
wx4eqy,16,84,55.79761904761905,226.62119908204244,15.053942974584514,4687,57.0,71.0,0.2697954362844248,4.061485112628881
wx4eqy,17,84,68.05952380952381,278.9000286861733,16.700300257365832,5717,69.5,85.7,0.2453778593001102,4.097883926821507
wx4eqy,18,84,73.46428571428571,540.9746127366609,23.25886095097223,6171,74.0,106.10000000000001,0.31660092689704544,7.363776935647305
wx4eqy,19,84,57.63095238095238,414.83806655192194,20.36757389950806,4841,58.0,84.50000000000001,0.35341380036328796,7.198181696005256
wx4eqy,20,84,50.083333333333336,216.63152610441767,14.718407729928455,4207,51.5,68.7,0.2938783573363418,4.32542148627789
wx4eqy,21,84,42.30952380952381,169.22834193918533,13.008779417731139,3554,42.0,59.400000000000006,0.30746693052600327,3.9997694774596417
wx4eqy,22,84,36.55952380952381,100.3217154331612,10.01607285482495,3071,36.5,49.0,0.27396617382132715,2.7440651567520487
wx4eqy,23,84,8.880952380952381,12.80493402180149,3.5783982480715433,746,9.0,14.0,0.4029295614450531,1.4418424367712133
wx4eqz,0,84,0.5476190476190477,1.0699942627653471,1.0344052700781001,46,0.0,1.7000000000000028,1.8889139714469652,1.9539025667888945
wx4eqz,1,84,0.21428571428571427,0.26678141135972466,0.5165088686167205,18,0.0,1.0,2.4103747202113626,1.2449799196787152
wx4eqz,2,84,0.13095238095238096,0.11517498565691335,0.3393744033614105,11,0.0,1.0,2.5915863529416803,0.8795180722891565
wx4eqz,3,84,0.10714285714285714,0.09681583476764201,0.3111524301168834,9,0.0,0.7000000000000028,2.9040893477575787,0.9036144578313254
wx4eqz,4,84,0.2976190476190476,0.3561388410786001,0.5967736933533516,25,0.0,1.0,2.0051596096672615,1.1966265060240964
wx4eqz,5,84,1.0595238095238095,0.9241250717154331,0.9613142419185483,89,1.0,2.0,0.9073078238332366,0.8722079328550155
wx4eqz,6,84,3.4285714285714284,4.898450946643717,2.2132444389727306,288,4.0,6.0,0.6455296280337132,1.4287148594377508
wx4eqz,7,84,11.19047619047619,31.818703384968448,5.640806979942537,940,11.0,18.0,0.504072113101248,2.843373493975904
wx4eqz,8,84,26.05952380952381,220.70725760183592,14.856219492247545,2189,28.5,44.0,0.5700879110775668,8.469351136845233
wx4eqz,9,84,12.726190476190476,30.273522662076875,5.5021380082725,1069,12.0,20.700000000000003,0.43234760775948555,2.3788362054391556
wx4eqz,10,84,7.5476190476190474,9.792885829030407,3.129358692932213,634,7.0,11.700000000000003,0.41461534732855815,1.2974801413857322
wx4eqz,11,84,7.678571428571429,13.064113597246129,3.614431296517632,645,8.0,12.0,0.47071663396508695,1.7013729335948446
wx4eqz,12,84,7.845238095238095,12.493832472748137,3.534661578248777,659,8.0,12.700000000000003,0.45054866854764386,1.5925370678465
wx4eqz,13,84,7.714285714285714,12.061962134251289,3.473033563651709,648,8.0,12.0,0.4502080545474437,1.5635876840696115
wx4eqz,14,84,7.023809523809524,11.541594951233504,3.3972922969967576,590,6.0,12.0,0.48368229313174177,1.643210128650194
wx4eqz,15,84,6.630952380952381,8.597102696500288,2.9320816319639342,557,6.0,10.0,0.44218107196583567,1.2965109991131494
wx4eqz,16,84,7.904761904761905,10.761904761904763,3.2805342189809212,664,8.0,12.700000000000003,0.41500734095541775,1.3614457831325302
wx4eqz,17,84,14.202380952380953,25.92240390131956,5.091404904475734,1193,14.0,21.0,0.35848953225143476,1.8252153627081666
wx4eqz,18,84,14.035714285714286,32.637263339070564,5.712903232076539,1179,15.0,21.0,0.4070261844736465,2.3253012048192767
wx4eqz,19,84,9.047619047619047,23.467584624211128,4.844335312941408,760,8.0,16.0,0.5354265345882608,2.593785668991756
wx4eqz,20,84,7.2976190476190474,12.476620768789443,3.532226035914101,613,7.0,12.0,0.4840244486407578,1.709683759507852
wx4eqz,21,84,5.880952380952381,9.479632816982216,3.0789012353406555,494,5.5,10.0,0.5235378618797876,1.6119213696892836
wx4eqz,22,84,4.809523809523809,7.2403901319563975,2.690797304138013,404,4.0,8.0,0.559472706800973,1.505427651198855
wx4eqz,23,84,2.261904761904762,2.846242111302353,1.6870809439094359,190,2.0,5.0,0.7458673646757507,1.2583386176284086
wx4er5,0,84,0.5119047619047619,0.46973608720596677,0.6853729548253029,43,0.0,1.7000000000000028,1.3388680977982663,0.9176239843093305
wx4er5,1,84,0.38095238095238093,0.3832472748135397,0.6190696849414771,32,0.0,1.0,1.6250579229713773,1.0060240963855418
wx4er5,2,84,0.23809523809523808,0.20768789443488242,0.4557278732257688,20,0.0,1.0,1.9140570675482291,0.8722891566265062
wx4er5,3,84,0.10714285714285714,0.12091222030981064,0.34772434529352503,9,0.0,0.0,3.245427222739567,1.1285140562248994
wx4er5,4,84,0.2976190476190476,0.3079460699942628,0.5549288873308569,25,0.0,1.0,1.8645610614316792,1.0346987951807232
wx4er5,5,84,0.9642857142857143,1.215576592082616,1.1025319007097327,81,1.0,3.0,1.1433664155508338,1.2605979473449351
wx4er5,6,84,3.4166666666666665,2.7279116465863456,1.65163907879002,287,3.0,5.700000000000003,0.4834065596458595,0.7984131648545402
wx4er5,7,84,4.321428571428571,7.01592082616179,2.64875835556243,363,4.0,8.0,0.6129358178160995,1.6235188688638853
wx4er5,8,84,6.119047619047619,6.829030407343662,2.6132413603308176,514,6.0,10.0,0.42706668145484183,1.1160283155970188
wx4er5,9,84,5.345238095238095,6.542025243832475,2.5577383063621806,449,5.0,8.700000000000003,0.4785078345978245,1.2238978184452738
wx4er5,10,84,4.654761904761905,7.192627653471027,2.6819074654937345,391,4.0,7.0,0.5761642636866334,1.545219240131883
wx4er5,11,84,3.5357142857142856,6.0348537005163525,2.456593922592082,297,3.0,6.700000000000003,0.6947942407331141,1.7068273092369481
wx4er5,12,84,4.7023809523809526,6.958548479632817,2.637906078622364,395,4.0,8.700000000000003,0.5609724319095659,1.4797925880738143
wx4er5,13,84,4.488095238095238,6.78298909925416,2.604417228336151,377,4.0,7.0,0.5802945548547392,1.5113291361733407
wx4er5,14,84,4.107142857142857,4.699225473321858,2.167769700249973,345,4.0,7.0,0.5278047965826022,1.1441592456783656
wx4er5,15,84,5.119047619047619,8.178427997705105,2.8597950971538335,430,5.0,9.0,0.5586576468858652,1.5976463995516952
wx4er5,16,84,5.392857142857143,7.952237521514631,2.819971191610764,453,5.0,9.0,0.5229085653317972,1.4745870900821831
wx4er5,17,84,8.261904761904763,9.930579460699944,3.1512821931239263,694,8.0,12.700000000000003,0.3814232049314262,1.2019721537446617
wx4er5,18,84,5.75,6.52710843373494,2.554820626528395,483,5.0,9.0,0.4443166307005904,1.1351492928234677
wx4er5,19,84,4.583333333333333,5.4748995983935735,2.3398503367509584,385,4.0,7.0,0.5105128007456637,1.1945235487404162
wx4er5,20,84,3.869047619047619,4.645295467584625,2.1552947519039303,325,4.0,7.0,0.5570607974151697,1.200630213160334
wx4er5,21,84,5.845238095238095,4.831181870338497,2.1979949659493077,491,6.0,8.0,0.37603172533552315,0.8265158393247124
wx4er5,22,84,2.488095238095238,3.529977051061389,1.8788233155518879,209,2.0,5.0,0.7551251603175052,1.418746757364386
wx4er5,23,84,1.0,1.3493975903614457,1.1616357391030312,84,1.0,3.0,1.1616357391030312,1.3493975903614457
wx4er7,0,84,0.11904761904761904,0.1302352266207688,0.3608811807517383,10,0.0,0.7000000000000028,3.031401918314602,1.093975903614458
wx4er7,1,84,0.07142857142857142,0.06712564543889843,0.2590861737702312,6,0.0,0.0,3.627206432783237,0.939759036144578
wx4er7,2,84,0.047619047619047616,0.0699942627653471,0.2645642885299282,4,0.0,0.0,5.555850059128493,1.4698795180722892
wx4er7,3,84,0.023809523809523808,0.023522662076878947,0.1533709949008578,2,0.0,0.0,6.441581785836028,0.9879518072289158
wx4er7,4,84,0.047619047619047616,0.045897877223178424,0.21423789866216114,4,0.0,0.0,4.498995871905384,0.963855421686747
wx4er7,5,84,0.11904761904761904,0.10613884107860012,0.32578956563800526,10,0.0,1.0,2.7366323513592445,0.8915662650602411
wx4er7,6,84,0.6904761904761905,0.9150889271371201,0.9566028053153096,58,0.0,2.0,1.385424752525621,1.3253012048192774
wx4er7,7,84,3.4523809523809526,5.335054503729203,2.309773691020227,290,3.0,6.700000000000003,0.6690378967093071,1.5453261321146656
wx4er7,8,84,4.071428571428571,6.380378657487093,2.5259411429182377,342,4.0,7.0,0.6204065965062339,1.5671105474529703
wx4er7,9,84,2.4761904761904763,3.119908204245553,1.766326188518291,208,2.0,5.0,0.7133240376708483,1.259962928637627
wx4er7,10,84,2.4523809523809526,2.708548479632817,1.6457668363510114,206,2.0,4.700000000000003,0.6710893895800241,1.1044566615978477
wx4er7,11,84,2.738095238095238,3.4004589787722317,1.844033345352581,230,2.0,5.0,0.6734730478678992,1.2419067574646412
wx4er7,12,84,4.142857142857143,5.9311531841652325,2.435395898856125,348,4.0,7.700000000000003,0.5878541824825129,1.431657665143332
wx4er7,13,84,3.238095238095238,4.039013195639701,2.0097296324729106,272,3.0,6.0,0.620651798263693,1.247342310418143
wx4er7,14,84,2.5714285714285716,3.2117039586919103,1.7921227521271834,216,2.0,5.0,0.6969366258272379,1.2489959839357427
wx4er7,15,84,2.5952380952380953,2.870338496844521,1.6942073358489866,218,2.5,5.0,0.6528138358317196,1.1060019896098154
wx4er7,16,84,3.2261904761904763,4.273522662076879,2.0672500240843825,271,3.0,6.0,0.640771225177447,1.3246343306806563
wx4er7,17,84,4.654761904761905,7.578169822145725,2.752847584256296,391,4.5,8.0,0.5914045961062119,1.6280467137090557
wx4er7,18,84,7.773809523809524,25.406052782558803,5.040441724944234,653,7.0,13.0,0.6483876032087529,3.268159929149984
wx4er7,19,84,4.7976190476190474,6.573006310958117,2.5637874933305445,403,4.0,8.700000000000003,0.5343874675924708,1.3700559060061586
wx4er7,20,84,4.476190476190476,8.397016637980492,2.897760624685982,376,4.0,9.0,0.6473720544511237,1.8759292489105355
wx4er7,21,84,3.3214285714285716,5.7629087779690185,2.4006059189231825,279,3.0,7.0,0.7227630723639689,1.7350693094960485
wx4er7,22,84,1.5238095238095237,2.204245553643144,1.4846701834559566,128,1.0,3.700000000000003,0.9743148078929715,1.4465361445783134
wx4er7,23,84,0.34523809523809523,0.30106138841078606,0.5486906126505046,29,0.0,1.0,1.5893107400911166,0.8720398836726216
wx4erh,0,84,1.0476190476190477,1.2266207687894435,1.1075291277386088,88,1.0,2.0,1.057186894659581,1.1708652792990142
wx4erh,1,84,0.6547619047619048,0.6384107860011476,0.7990061238821312,55,0.0,2.0,1.220300261929073,0.9750273822562983
wx4erh,2,84,0.39285714285714285,0.5064543889845097,0.7116560889815456,33,0.0,1.0,1.81148822649848,1.2891566265060246
wx4erh,3,84,0.2857142857142857,0.3511187607573151,0.592552749345841,24,0.0,1.0,2.0739346227104436,1.2289156626506028
wx4erh,4,84,0.39285714285714285,0.3618760757314975,0.6015613648926412,33,0.0,1.0,1.531247110635814,0.9211391018619937
wx4erh,5,84,3.9761904761904763,7.035570854847964,2.652465052521515,334,4.0,7.700000000000003,0.6670870191970277,1.7694250054108651
wx4erh,6,84,11.988095238095237,32.56612162937464,5.706673429360983,1007,11.0,20.0,0.47602836947996285,2.716538447733337
wx4erh,7,84,34.833333333333336,238.3815261044176,15.439609001021289,2926,40.0,53.0,0.4432423636656829,6.843488787686629
wx4erh,8,84,27.952380952380953,97.34710269650029,9.86646353545688,2348,29.5,40.0,0.35297399360237564,3.4826050368424295
wx4erh,9,84,20.55952380952381,44.128944348823865,6.642962016211132,1727,20.5,29.700000000000003,0.32310874890662133,2.1463991460921856
wx4erh,10,84,12.404761904761905,21.66551921973609,4.6546234240522715,1042,12.0,18.700000000000003,0.37522875971246716,1.7465485743357307
wx4erh,11,84,11.416666666666666,25.089357429718874,5.008927772459778,959,11.0,18.0,0.43873819904757183,2.1976079500483685
wx4erh,12,84,11.05952380952381,21.261474469305796,4.611016641620999,929,11.0,17.0,0.416927231319875,1.9224584019609114
wx4erh,13,84,11.988095238095237,16.22877223178428,4.028495033109049,1007,12.0,16.0,0.33604129372508457,1.3537406826910423
wx4erh,14,84,11.035714285714286,19.793889845094665,4.449032461681378,927,11.0,16.0,0.40314857257954234,1.793621086286895
wx4erh,15,84,12.702380952380953,26.404331612162938,5.138514533614062,1067,12.5,19.0,0.4045316033960461,2.0786915233567824
wx4erh,16,84,16.166666666666668,32.02008032128514,5.658628837561723,1358,16.0,23.0,0.35001827861206536,1.980623525027947
wx4erh,17,84,20.392857142857142,49.590791738382094,7.042072971674044,1713,20.0,30.0,0.34532056603655553,2.4317726246492097
wx4erh,18,84,15.702380952380953,30.33204245553643,5.507453354821667,1319,16.0,22.0,0.3507400165314784,1.9316842807164976
wx4erh,19,84,11.142857142857142,18.65404475043029,4.3190328489640235,936,11.0,17.0,0.38760551208651495,1.67408093914118
wx4erh,20,84,9.845238095238095,15.746844520940906,3.9682293936894455,827,10.0,15.0,0.4030607848487466,1.5994376538803339
wx4erh,21,84,7.238095238095238,14.858290304073439,3.8546452890082428,608,7.0,12.700000000000003,0.5325496780866651,2.05279010779962
wx4erh,22,84,4.571428571428571,6.030981067125645,2.4558055841466047,384,5.0,8.0,0.5372074715320698,1.319277108433735
wx4erh,23,84,2.2261904761904763,2.3217154331612164,1.5237176356402837,187,2.0,4.0,0.6844507026405552,1.0429096063397978
wx4erj,0,84,2.988095238095238,4.782989099254159,2.1870045951607326,251,3.0,6.0,0.7319059202928349,1.6006816109057744
wx4erj,1,84,1.5238095238095237,2.878944348823867,1.6967452221308499,128,1.0,3.700000000000003,1.1134890520233702,1.8893072289156627
wx4erj,2,84,0.5,0.7108433734939759,0.8431152788877544,42,0.0,1.7000000000000028,1.6862305577755088,1.4216867469879517
wx4erj,3,84,0.25,0.35843373493975905,0.5986933563517797,21,0.0,1.0,2.3947734254071187,1.4337349397590362
wx4erj,4,84,0.27380952380952384,0.41810097532989104,0.6466072806038384,23,0.0,1.0,2.361522242205323,1.5269774751178629
wx4erj,5,84,1.4047619047619047,1.5209409064830754,1.2332643295267545,118,1.0,3.0,0.8779169803410796,1.0827036961404946
wx4erj,6,84,12.071428571428571,31.609294320137685,5.622214360920231,1014,12.0,20.700000000000003,0.4657455683602558,2.618521422969986
wx4erj,7,84,48.82142857142857,561.0882099827885,23.687300605657633,4101,59.5,75.0,0.4851824557120803,11.492662677043217
wx4erj,8,84,92.71428571428571,2468.977624784854,49.68880784225814,7788,110.0,146.0,0.5359347533063282,26.629958973026163
wx4erj,9,84,42.51190476190476,192.03600114744694,13.857705479171036,3571,41.0,64.7,0.32597234955204907,4.517228814445685
wx4erj,10,84,22.642857142857142,53.89500860585197,7.341321993064462,1902,21.0,32.0,0.3242224224066324,2.380221200258447
wx4erj,11,84,20.011904761904763,38.61431440045898,6.214041712159565,1681,20.5,28.0,0.31051725390922275,1.929567168137153
wx4erj,12,84,22.047619047619047,53.58806655192198,7.320387049324782,1852,22.0,31.0,0.33202619446181514,2.430560253974863
wx4erj,13,84,25.345238095238095,63.69865174985657,7.981143511418434,2129,26.0,34.0,0.31489716061960943,2.513239430243284
wx4erj,14,84,20.404761904761905,41.8823866896156,6.471660273037793,1714,21.0,28.0,0.3171642140811987,2.0525790442985477
wx4erj,15,84,21.333333333333332,51.911646586345384,7.204973739462579,1792,22.5,30.0,0.3377331440373084,2.43335843373494
wx4erj,16,84,25.30952380952381,75.61388410786,8.695624423114191,2126,25.0,37.0,0.34357123779002446,2.9875664464065097
wx4erj,17,84,37.142857142857146,190.53356282271943,13.8033895410772,3120,39.0,55.7,0.3716297184136169,5.129749768303984
wx4erj,18,84,41.107142857142854,264.1932013769363,16.2540210833177,3453,42.5,62.0,0.39540624703118643,6.426941475720432
wx4erj,19,84,26.88095238095238,106.70854847963281,10.329982985447401,2258,25.5,40.0,0.38428634666854816,3.9696714226258445
wx4erj,20,84,18.321428571428573,46.24483648881239,6.800355614878709,1539,18.0,25.700000000000003,0.3711695072448418,2.524084642664224
wx4erj,21,84,15.964285714285714,28.950516351118765,5.380568404092523,1341,16.0,23.0,0.3370378418670932,1.813455162933614
wx4erj,22,84,12.821428571428571,25.61833046471601,5.061455370218729,1077,12.0,18.700000000000003,0.394765321354107,1.998087055743867
wx4erj,23,84,6.190476190476191,10.806655192197361,3.2873477443369694,520,6.0,10.700000000000003,0.5310330971621258,1.745690454124189
wx4erk,0,84,0.5357142857142857,0.4685886402753872,0.6845353462571434,45,0.0,1.0,1.2777993130133345,0.8746987951807228
wx4erk,1,84,0.16666666666666666,0.14056224899598396,0.37491632265878205,14,0.0,1.0,2.2494979359526925,0.8433734939759038
wx4erk,2,84,0.19047619047619047,0.22834193918531265,0.47785137771624414,16,0.0,1.0,2.508719733010282,1.1987951807228914
wx4erk,3,84,0.023809523809523808,0.02352266207687894,0.15337099490085776,2,0.0,0.0,6.441581785836027,0.9879518072289155
wx4erk,4,84,0.05952380952380952,0.08075157773952955,0.284168220847317,5,0.0,0.0,4.774026110234926,1.3566265060240965
wx4erk,5,84,0.27380952380952384,0.32171543316121637,0.5671996413620308,23,0.0,1.0,2.0715117336700253,1.174960712414877
wx4erk,6,84,1.4166666666666667,1.5230923694779113,1.234136284807278,119,1.0,3.0,0.8711550245698433,1.0751240255138197
wx4erk,7,84,6.023809523809524,16.457257601835916,4.05675456514637,506,5.0,11.700000000000003,0.6734533270203461,2.7320348588028005
wx4erk,8,84,5.940476190476191,11.092799770510615,3.33058549965477,499,5.0,10.0,0.5606596833086186,1.8673250114687205
wx4erk,9,84,5.369047619047619,7.1995123350545045,2.68319070046363,451,5.0,8.700000000000003,0.4997517047426717,1.3409291267063823
wx4erk,10,84,4.75,6.551204819277109,2.5595321485140814,399,4.5,8.0,0.5388488733713855,1.3792010145846545
wx4erk,11,84,5.226190476190476,7.671113023522664,2.7696774222863327,439,5.0,9.0,0.5299610557449931,1.4678211707879356
wx4erk,12,84,5.654761904761905,6.78298909925416,2.604417228336151,475,6.0,9.0,0.46057062564260354,1.1995180722891567
wx4erk,13,84,5.214285714285714,7.327022375215147,2.706847312874361,438,5.0,8.0,0.5191214024690555,1.4051823733289324
wx4erk,14,84,5.583333333333333,6.07730923694779,2.4652199165485804,469,6.0,9.0,0.4415319253519846,1.0884732961697534
wx4erk,15,84,5.273809523809524,9.574727481353985,3.0943056541579703,443,5.0,9.0,0.586730643226342,1.815523946803013
wx4erk,16,84,5.178571428571429,6.1966437177280564,2.489305870665165,435,5.0,8.0,0.4806935474387905,1.1965932696302453
wx4erk,17,84,9.821428571428571,20.34122203098107,4.510124391963161,825,10.0,16.0,0.45921266536352184,2.071106243154436
wx4erk,18,84,11.642857142857142,29.99139414802066,5.476439915494432,978,12.0,18.0,0.4703690724964543,2.5759479636336766
wx4erk,19,84,6.940476190476191,16.634968445209413,4.07859883357133,583,6.0,12.0,0.5876540343396084,2.396805059001013
wx4erk,20,84,5.7976190476190474,9.512765347102695,3.0842771190511877,487,5.0,9.700000000000003,0.5319903039020529,1.6408055218821898
wx4erk,21,84,4.571428571428571,7.259896729776248,2.694419553405937,384,4.5,7.700000000000003,0.5894042773075487,1.5881024096385543
wx4erk,22,84,3.0714285714285716,5.657487091222032,2.37854726487031,258,2.0,6.700000000000003,0.7744107373996357,1.8419725413281034
wx4erk,23,84,0.75,0.8885542168674698,0.942631538230856,63,0.5,2.0,1.2568420509744747,1.184738955823293
wx4erm,0,84,0.5476190476190477,0.5880665519219737,0.766854974504289,46,0.0,2.0,1.4003438664860928,1.07386066003143
wx4erm,1,84,0.2619047619047619,0.21973608720596668,0.4687601595762663,22,0.0,1.0,1.7898115183821077,0.8389923329682364
wx4erm,2,84,0.09523809523809523,0.11130235226620767,0.33362007173760944,8,0.0,0.0,3.503010753244899,1.1686746987951806
wx4erm,3,84,0.047619047619047616,0.04589787722317842,0.2142378986621611,4,0.0,0.0,4.498995871905383,0.9638554216867468
wx4erm,4,84,0.23809523809523808,0.30407343660355707,0.5514285417019662,20,0.0,1.0,2.315999875148258,1.2771084337349397
wx4erm,5,84,0.7261904761904762,0.7313539873780838,0.8551923686388249,61,1.0,2.0,1.1776419502567426,1.0071104088485088
wx4erm,6,84,2.0714285714285716,2.5008605851979344,1.5814109476027838,174,2.0,4.0,0.7634397678082404,1.2073120066472787
wx4erm,7,84,8.130952380952381,12.259753298909926,3.50139305118833,683,8.0,13.0,0.43062520688114164,1.5077881070401664
wx4erm,8,84,23.13095238095238,128.95854847963284,11.355991743552513,1943,24.5,36.7,0.49094354424004694,5.575150834940381
wx4erm,9,84,13.154761904761905,34.566121629374635,5.879296014777164,1105,13.5,20.0,0.44693290972061694,2.627650874993185
wx4erm,10,84,8.392857142857142,12.337779690189327,3.512517571513248,705,8.0,13.700000000000003,0.4185127319249828,1.4700333247885158
wx4erm,11,84,7.714285714285714,17.700516351118758,4.20719815924075,648,7.0,13.0,0.545377539160838,2.294511378848728
wx4erm,12,84,11.69047619047619,32.74641422834195,5.722448272229461,982,11.0,18.0,0.4894965935511963,2.8011189360292503
wx4erm,13,84,7.630952380952381,11.536861732644867,3.3965956092306406,641,7.0,11.700000000000003,0.44510769294130076,1.5118508354792026
wx4erm,14,84,7.416666666666667,9.089357429718877,3.014856120898455,623,7.0,11.700000000000003,0.40649745450316244,1.2255313388385003
wx4erm,15,84,6.5,8.27710843373494,2.8769964257424685,546,7.0,9.700000000000003,0.44261483472961055,1.273401297497683
wx4erm,16,84,6.7023809523809526,9.368187033849683,3.06074942356438,563,7.0,10.700000000000003,0.4566659885957512,1.3977401613559028
wx4erm,17,84,12.845238095238095,36.99985656913368,6.082750740342208,1079,13.5,21.0,0.47354129952617746,2.880433690275467
wx4erm,18,84,17.892857142857142,89.08476764199655,9.438472738849043,1503,18.0,29.700000000000003,0.5274994744266931,4.978789409133539
wx4erm,19,84,11.285714285714286,32.158347676419965,5.670833067232712,948,11.0,19.0,0.5024788793750504,2.849473844746073
wx4erm,20,84,8.30952380952381,15.300631095811822,3.9116021136884336,698,8.0,13.700000000000003,0.470737217120098,1.8413366934787865
wx4erm,21,84,8.107142857142858,16.385972461273667,4.047959048863225,681,8.0,13.0,0.49930772408885593,2.021177219892787
wx4erm,22,84,3.619047619047619,4.696500286861734,2.167141039909893,304,3.0,6.700000000000003,0.5988152873435231,1.2977171845275843
wx4erm,23,84,1.75,1.8283132530120483,1.3521513424953762,147,1.0,3.0,0.7726579099973578,1.044750430292599
wx4ern,0,84,2.142857142857143,2.3648881239242683,1.5378192754430764,180,2.0,4.0,0.7176489952067691,1.1036144578313252
wx4ern,1,84,0.9761904761904762,1.0596672403901317,1.029401399061674,82,1.0,2.0,1.0545087502583002,1.0855127828386715
wx4ern,2,84,0.5,0.4457831325301205,0.6676699278312005,42,0.0,1.0,1.335339855662401,0.891566265060241
wx4ern,3,84,0.42857142857142855,0.4888123924268502,0.6991511942540399,36,0.0,1.0,1.63135278659276,1.140562248995984
wx4ern,4,84,0.5952380952380952,0.6052782558806654,0.777996308397839,50,0.0,2.0,1.3070337981083695,1.016867469879518
wx4ern,5,84,1.6071428571428572,2.5546471600688467,1.5983263621891641,135,1.0,3.0,0.994514180917702,1.5895582329317268
wx4ern,6,84,8.476190476190476,12.975329890992542,3.602128522275759,712,8.0,14.0,0.42497021892017384,1.5307973466901315
wx4ern,7,84,21.19047619047619,101.19219736087207,10.059433252468654,1780,24.0,32.0,0.4747148276445882,4.775362122647896
wx4ern,8,84,37.94047619047619,265.35786001147454,16.289808470681127,3187,39.0,59.400000000000006,0.4293517136922544,6.994057182605542
wx4ern,9,84,31.202380952380953,157.8260183591509,12.56288256568336,2621,31.0,50.400000000000006,0.40262576708027553,5.058140229747683
wx4ern,10,84,20.61904761904762,48.88927137119908,6.992086338940551,1732,20.0,29.400000000000006,0.33910811343591585,2.37107320737917
wx4ern,11,84,25.321428571428573,96.10025817555938,9.803073914622871,2127,24.0,38.0,0.3871453732150076,3.7952147093309767
wx4ern,12,84,25.404761904761905,83.37636259323006,9.131065797223785,2134,25.5,38.0,0.3594233959544508,3.2819186775217077
wx4ern,13,84,21.654761904761905,58.83118187033849,7.670148751513134,1819,23.0,30.0,0.35420148165316284,2.7167780522861094
wx4ern,14,84,20.988095238095237,35.939615605278256,5.994965855222051,1763,22.0,27.700000000000003,0.28563648998221913,1.712381004448879
wx4ern,15,84,20.321428571428573,53.473752151462996,7.312574933049438,1707,20.0,29.0,0.35984551515884755,2.63139729392085
wx4ern,16,84,27.261904761904763,99.01491681009753,9.950623940743492,2290,28.0,40.7,0.36500105284823287,3.631988214868206
wx4ern,17,84,46.94047619047619,338.7313539873781,18.404655769325817,3943,52.0,69.7,0.39208498215150106,7.216189128820634
wx4ern,18,84,53.92857142857143,683.9466437177281,26.15237357712925,4530,65.5,81.0,0.4849446756023967,12.682454320593633
wx4ern,19,84,27.928571428571427,143.24784853700518,11.96861932459234,2346,30.5,42.0,0.42854391443553136,5.129078975749547
wx4ern,20,84,20.345238095238095,58.49383247274814,7.648126075892587,1709,20.5,31.0,0.375917255924504,2.875062567414186
wx4ern,21,84,15.630952380952381,28.597102696500286,5.347625893469015,1313,16.0,22.0,0.34211772661949524,1.8295176134851667
wx4ern,22,84,9.44047619047619,13.815691336775672,3.7169465071178616,793,9.0,15.0,0.3937244723807067,1.4634528023822906
wx4ern,23,84,4.214285714285714,6.435456110154903,2.536820078396358,354,4.0,7.700000000000003,0.6019573067381188,1.527057382070655
wx4erp,0,84,0.27380952380952384,0.273522662076879,0.5229939407649757,23,0.0,1.0,1.9100648271416503,0.998952331063384
wx4erp,1,84,0.17857142857142858,0.17254733218588633,0.41538817049343896,15,0.0,1.0,2.326173754763258,0.9662650602409635
wx4erp,2,84,0.09523809523809523,0.15949512335054503,0.3993684055487427,8,0.0,0.0,4.193368258261798,1.6746987951807228
wx4erp,3,84,0.05952380952380952,0.05665519219736087,0.23802351185830545,5,0.0,0.0,3.9987949992195317,0.9518072289156627
wx4erp,4,84,0.0,0.0,0.0,0,0.0,0.0,,
wx4erp,5,84,0.14285714285714285,0.12392426850258181,0.3520287893093146,12,0.0,1.0,2.464201525165202,0.8674698795180728
wx4erp,6,84,0.2976190476190476,0.33204245553643147,0.5762312517873631,25,0.0,1.0,1.93613700600554,1.1156626506024097
wx4erp,7,84,2.2023809523809526,3.3922834193918545,1.8418152511562755,185,2.0,5.0,0.8362836816060926,1.5402800390752203
wx4erp,8,84,3.357142857142857,5.244406196213425,2.2900668540925664,282,3.0,6.0,0.6821475735594879,1.562163547808254
wx4erp,9,84,2.5833333333333335,2.5351405622489964,1.5922124739647647,217,3.0,4.700000000000003,0.6163403125024896,0.981344733773805
wx4erp,10,84,3.0238095238095237,3.156052782558807,1.7765282948939505,254,3.0,5.0,0.5875132943743774,1.0437339910824401
wx4erp,11,84,4.595238095238095,7.304073436603558,2.7026049353546955,386,5.0,8.0,0.5881316439631981,1.5894874836132096
wx4erp,12,84,4.023809523809524,6.74641422834194,2.5973860376043336,338,4.0,7.700000000000003,0.6455042223632071,1.676623654380837
wx4erp,13,84,3.3333333333333335,5.694779116465861,2.386373633039441,280,3.0,6.0,0.7159120899118323,1.7084337349397583
wx4erp,14,84,3.130952380952381,3.946500286861734,1.9865800479370908,263,3.0,5.700000000000003,0.6344970495312381,1.2604791790737098
wx4erp,15,84,3.1904761904761907,3.7705106138841074,1.9417802692076431,268,3.0,6.0,0.6086176963188135,1.1818018342024814
wx4erp,16,84,3.511904761904762,4.686603557085485,2.1648564749390395,295,3.0,6.0,0.616433708118235,1.3344905043904431
wx4erp,17,84,9.857142857142858,32.123924268502584,5.667797126618294,828,10.0,17.0,0.5749939113960587,3.258948838833595
wx4erp,18,84,7.976190476190476,22.866896156052785,4.781934352963535,670,8.0,15.0,0.599526097983488,2.8668944434454238
wx4erp,19,84,3.8214285714285716,6.052065404475043,2.4600945925868465,321,4.0,7.0,0.6437630709573056,1.5837180497691699
wx4erp,20,84,2.8095238095238093,4.613884107860011,2.147995369608606,236,2.0,6.0,0.7645407247759445,1.6422299366959363
wx4erp,21,84,2.238095238095238,2.61732644865175,1.617815332061033,188,2.0,4.0,0.7228536590059934,1.1694437323763136
wx4erp,22,84,1.1785714285714286,1.5942340791738383,1.2626298266609413,99,1.0,3.0,1.0713222771668591,1.352683461117196
wx4erp,23,84,0.6071428571428571,0.5064543889845096,0.7116560889815456,51,0.0,1.7000000000000028,1.172139440675487,0.8341601700921335
wx4erq,0,84,0.19047619047619047,0.18014916810097537,0.42443982859879603,16,0.0,1.0,2.2283091001436794,0.9457831325301207
wx4erq,1,84,0.11904761904761904,0.1302352266207688,0.3608811807517383,10,0.0,0.7000000000000028,3.031401918314602,1.093975903614458
wx4erq,2,84,0.05952380952380952,0.08075157773952955,0.284168220847317,5,0.0,0.0,4.774026110234926,1.3566265060240965
wx4erq,3,84,0.047619047619047616,0.045897877223178424,0.21423789866216114,4,0.0,0.0,4.498995871905384,0.963855421686747
wx4erq,4,84,0.23809523809523808,0.2317842799770511,0.48143979891264815,20,0.0,1.0,2.0220471554331225,0.9734939759036146
wx4erq,5,84,0.10714285714285714,0.09681583476764198,0.31115243011688337,9,0.0,0.7000000000000028,2.904089347757578,0.9036144578313252
wx4erq,6,84,0.6904761904761905,0.6018359150889271,0.7757808421770462,58,1.0,2.0,1.1235446679805496,0.8716244287494807
wx4erq,7,84,2.8214285714285716,4.2689328743545625,2.066139606695192,237,2.0,5.700000000000003,0.7323026454109541,1.5130394997712373
wx4erq,8,84,5.142857142857143,7.7383820998278825,2.7817947623482007,432,5.0,9.0,0.5409045371232613,1.504685408299866
wx4erq,9,84,4.083333333333333,4.486947791164658,2.1182416743999393,343,4.0,7.0,0.5187530631183526,1.0988443570199162
wx4erq,10,84,2.869047619047619,3.368187033849685,1.835262115843316,241,3.0,5.0,0.639676422119662,1.173973903914413
wx4erq,11,84,2.5595238095238093,2.490390131956397,1.5780969970050627,215,2.0,5.0,0.6165588267368618,0.9729896329504064
wx4erq,12,84,1.8095238095238095,2.3488238668961556,1.53258731134515,152,1.0,4.0,0.8469561457433724,1.298034242232086
wx4erq,13,84,2.4404761904761907,2.9723178427997707,1.724041137212152,205,2.0,4.0,0.7064363684186379,1.2179253599764914
wx4erq,14,84,1.7857142857142858,2.1944922547332193,1.4813818733646025,150,1.0,4.0,0.8295738490841773,1.2289156626506028
wx4erq,15,84,1.3928571428571428,1.879948364888124,1.3711120905630305,117,1.0,3.0,0.9843881675837143,1.3497065183812171
wx4erq,16,84,2.1547619047619047,2.7106999426276532,1.6464203420231582,181,2.0,4.0,0.7640845786184823,1.2580043932636624
wx4erq,17,84,2.4642857142857144,2.564974182444062,1.6015536776655541,207,2.0,4.0,0.6499058402121088,1.0408590885280251
wx4erq,18,84,2.1547619047619047,2.3492541594951235,1.532727686020946,181,2.0,4.0,0.7113211360539198,1.0902615988817148
wx4erq,19,84,1.4404761904761905,1.7193057946069992,1.3112230148250903,121,1.0,3.0,0.9102705226884924,1.193567659066016
wx4erq,20,84,1.3333333333333333,1.4779116465863453,1.2156938951012073,112,1.0,3.0,0.9117704213259055,1.108433734939759
wx4erq,21,84,0.8571428571428571,0.822719449225473,0.9070388355663019,72,1.0,2.0,1.0582119748273524,0.9598393574297186
wx4erq,22,84,0.6190476190476191,0.6724039013195638,0.820002378849942,52,0.0,2.0,1.324619227372983,1.0861909175162185
wx4erq,23,84,0.27380952380952384,0.2253298909925417,0.4746892572963303,23,0.0,1.0,1.733647722299641,0.8229439497118913
wx4err,0,84,0.09523809523809523,0.087205966724039,0.29530656397045935,8,0.0,0.0,3.100718921689823,0.9156626506024096
wx4err,1,84,0.10714285714285714,0.12091222030981064,0.34772434529352503,9,0.0,0.0,3.245427222739567,1.1285140562248994
wx4err,2,84,0.047619047619047616,0.04589787722317843,0.21423789866216114,4,0.0,0.0,4.498995871905384,0.9638554216867471
wx4err,3,84,0.08333333333333333,0.07730923694779114,0.27804538648895283,7,0.0,0.0,3.336544637867434,0.9277108433734937
wx4err,4,84,0.023809523809523808,0.023522662076878947,0.1533709949008578,2,0.0,0.0,6.441581785836028,0.9879518072289158
wx4err,5,84,0.07142857142857142,0.06712564543889843,0.2590861737702312,6,0.0,0.0,3.627206432783237,0.939759036144578
wx4err,6,84,0.6190476190476191,0.6242111302352266,0.7900703324611212,52,0.0,2.0,1.2762674601295034,1.0083410565338276
wx4err,7,84,1.8214285714285714,2.799053356282272,1.6730371652423839,153,2.0,4.0,0.9185302083683676,1.53673517599811
wx4err,8,84,1.7619047619047619,1.822145725760184,1.3498687809413863,148,2.0,3.0,0.7661417405343004,1.0341908173233478
wx4err,9,84,1.4285714285714286,1.3321858864027538,1.1542035723401456,120,1.0,3.0,0.8079425006381019,0.9325301204819276
wx4err,10,84,0.8809523809523809,0.8290304073436602,0.9105110693141848,74,1.0,2.0,1.0335531057079936,0.9410615434711819
wx4err,11,84,1.0952380952380953,0.8823866896156052,0.9393544004344714,92,1.0,2.0,0.8576714090923434,0.8056574122577264
wx4err,12,84,0.9166666666666666,1.0893574297188753,1.043722870171424,77,1.0,2.0,1.1386067674597353,1.1883899233296822
wx4err,13,84,1.0476190476190477,1.371199082042456,1.1709821015038855,88,1.0,2.0,1.117755642344618,1.3088718510405262
wx4err,14,84,1.0714285714285714,1.1032702237521517,1.0503667091792999,90,1.0,3.0,0.9803422619006799,1.0297188755020084
wx4err,15,84,0.6785714285714286,0.6303786574870912,0.7939638892840727,57,0.5,2.0,1.1700520473660019,0.9289790741915028
wx4err,16,84,0.8571428571428571,0.7022375215146298,0.8379961345463532,72,1.0,2.0,0.9776621569707455,0.8192771084337348
wx4err,17,84,1.4523809523809523,1.5037292025243831,1.2262663668731941,122,1.0,3.0,0.8443145476831829,1.0353545328856408
wx4err,18,84,1.2261904761904763,1.4060527825588067,1.1857709654730153,103,1.0,3.0,0.967036515531391,1.1466838226693181
wx4err,19,84,0.7619047619047619,0.9064830751577739,0.9520940474332218,64,0.0,2.0,1.2496234372561037,1.1897590361445785
wx4err,20,84,0.5952380952380952,0.6775674125071715,0.8231448308209021,50,0.0,1.7000000000000028,1.3828833157791154,1.138313253012048
wx4err,21,84,0.6666666666666666,0.7309236947791165,0.8549407551281647,56,0.0,2.0,1.2824111326922472,1.0963855421686748
wx4err,22,84,0.5119047619047619,0.517928858290304,0.7196727438845409,43,0.0,1.7000000000000028,1.4058723368907313,1.011768002241524
wx4err,23,84,0.32142857142857145,0.3171256454388985,0.5631390995472597,27,0.0,1.0,1.7519883097025857,0.9866131191432397
wx4ert,0,84,0.07142857142857142,0.06712564543889843,0.2590861737702312,6,0.0,0.0,3.627206432783237,0.939759036144578
wx4ert,1,84,0.03571428571428571,0.03485370051635114,0.18669145807013007,3,0.0,0.0,5.227360825963642,0.9759036144578319
wx4ert,2,84,0.023809523809523808,0.023522662076878947,0.1533709949008578,2,0.0,0.0,6.441581785836028,0.9879518072289158
wx4ert,3,84,0.0,0.0,0.0,0,0.0,0.0,,
wx4ert,4,84,0.0,0.0,0.0,0,0.0,0.0,,
wx4ert,5,84,0.03571428571428571,0.03485370051635114,0.18669145807013007,3,0.0,0.0,5.227360825963642,0.9759036144578319
wx4ert,6,84,0.5238095238095238,0.5415949512335054,0.7359313495384644,44,0.0,2.0,1.4049598491188866,1.0339539978094194
wx4ert,7,84,0.9285714285714286,1.0791738382099827,1.0388329212197613,78,1.0,2.0,1.1187431459289736,1.1621872103799813
wx4ert,8,84,1.6547619047619047,3.337205966724039,1.8268021148236169,139,1.0,4.0,1.1039667456488045,2.016728785646182
wx4ert,9,84,1.4166666666666667,1.5230923694779115,1.2341362848072783,119,1.0,3.0,0.8711550245698435,1.07512402551382
wx4ert,10,84,1.5476190476190477,1.5037292025243834,1.2262663668731941,130,1.0,3.0,0.7923567293642177,0.9716404077849862
wx4ert,11,84,1.619047619047619,1.4916810097532989,1.221343935897378,136,1.5,3.0,0.7543594898189688,0.9213323883770376
wx4ert,12,84,1.2976190476190477,1.1272231784279978,1.061707670890626,109,1.0,3.0,0.8181967372001153,0.8686857521830441
wx4ert,13,84,1.2857142857142858,1.3149741824440617,1.1467232370733846,108,1.0,3.0,0.8918958510570769,1.0227576974564925
wx4ert,14,84,1.0357142857142858,1.3119621342512908,1.1454091558265505,87,1.0,2.0,1.1059122883842556,1.2667220606564187
wx4ert,15,84,1.1071428571428572,1.1811531841652325,1.0868087155361024,93,1.0,2.0,0.9816336785487375,1.0668480373105325
wx4ert,16,84,1.0833333333333333,1.0893574297188755,1.043722870171424,91,1.0,3.0,0.963436495542853,1.0055607043558852
wx4ert,17,84,1.7976190476190477,2.5730063109581187,1.6040593227677455,151,2.0,4.0,0.8923243914734478,1.4313412590760395
wx4ert,18,84,2.1904761904761907,2.4211130235226617,1.555992616795678,184,2.0,4.0,0.710344455493679,1.1052907281299107
wx4ert,19,84,1.2142857142857142,1.399311531841652,1.1829249899472292,102,1.0,3.0,0.9741735211330124,1.1523742026931252
wx4ert,20,84,0.8452380952380952,0.7347963281698221,0.857202617920537,71,1.0,2.0,1.0141552099341564,0.8693365009333106
wx4ert,21,84,0.6547619047619048,0.8070854847963284,0.8983793657449666,55,0.0,2.0,1.372070304046858,1.2326396495071197
wx4ert,22,84,0.36904761904761907,0.42842799770510603,0.6545441144072003,31,0.0,1.0,1.7736034067808006,1.1609016712009324
wx4ert,23,84,0.14285714285714285,0.17211703958691912,0.4148699068225112,12,0.0,1.0,2.904089347757578,1.2048192771084338
wx4ew8,0,84,0.011904761904761904,0.011904761904761904,0.10910894511799618,1,0.0,0.0,9.16515138991168,1.0
wx4ew8,1,84,0.011904761904761904,0.011904761904761904,0.10910894511799618,1,0.0,0.0,9.16515138991168,1.0
wx4ew8,2,84,0.0,0.0,0.0,0,0.0,0.0,,
wx4ew8,3,84,0.011904761904761904,0.011904761904761904,0.10910894511799618,1,0.0,0.0,9.16515138991168,1.0
wx4ew8,4,84,0.047619047619047616,0.04589787722317843,0.21423789866216114,4,0.0,0.0,4.498995871905384,0.9638554216867471
wx4ew8,5,84,0.09523809523809523,0.087205966724039,0.29530656397045935,8,0.0,0.0,3.100718921689823,0.9156626506024096
wx4ew8,6,84,0.6666666666666666,0.6827309236947792,0.8262753316508845,56,0.5,2.0,1.2394129974763268,1.0240963855421688
wx4ew8,7,84,0.75,0.6957831325301205,0.8341361594668586,63,1.0,2.0,1.1121815459558115,0.927710843373494
wx4ew8,8,84,1.4404761904761905,1.574727481353987,1.2548814610766976,121,1.0,3.0,0.8711573779375421,1.0931992432540076
wx4ew8,9,84,1.2976190476190477,1.609150889271371,1.2685231134162953,109,1.0,3.0,0.9775774452015487,1.2400795843926162
wx4ew8,10,84,1.0714285714285714,1.1273666092943202,1.0617752159917466,90,1.0,2.700000000000003,0.9909902015922969,1.0522088353413654
wx4ew8,11,84,1.9047619047619047,2.7378083763625938,1.6546323991638123,160,2.0,4.0,0.8686820095610015,1.4373493975903617
wx4ew8,12,84,2.357142857142857,3.557659208261618,1.886175815840511,198,2.0,5.0,0.8001958006596107,1.5093099671412924
wx4ew8,13,84,2.0,2.7710843373493974,1.664657423420626,168,2.0,4.0,0.832328711710313,1.3855421686746987
wx4ew8,14,84,1.3452380952380953,2.060097532989099,1.4353039862653134,113,1.0,3.0,1.0669516358078435,1.5313999360272947
wx4ew8,15,84,1.3333333333333333,1.9116465863453818,1.3826230818069623,112,1.0,2.700000000000003,1.0369673113552218,1.4337349397590364
wx4ew8,16,84,2.7023809523809526,3.1754159495123355,1.7819696825457878,227,2.0,5.0,0.659407283409014,1.1750437874847408
wx4ew8,17,84,5.238095238095238,8.44865174985657,2.906656455423752,440,5.0,9.0,0.554907141489989,1.6129244249726178
wx4ew8,18,84,4.392857142857143,4.9642857142857135,2.2280677086403173,369,4.0,7.700000000000003,0.507202405218934,1.130081300813008
wx4ew8,19,84,3.130952380952381,3.1754159495123355,1.7819696825457878,263,3.0,5.0,0.5691462103948524,1.0142012918594532
wx4ew8,20,84,1.5119047619047619,1.963711990820425,1.4013250839189402,127,1.0,4.0,0.9268606854267006,1.2988331277867378
wx4ew8,21,84,1.2023809523809523,1.344090648307516,1.1593492348328505,101,1.0,3.0,0.9642112448114797,1.1178575688894192
wx4ew8,22,84,0.6071428571428571,0.5546471600688468,0.7447463729813304,51,0.0,1.7000000000000028,1.2266410849104266,0.9135364989369242
wx4ew8,23,84,0.10714285714285714,0.12091222030981066,0.3477243452935251,9,0.0,0.0,3.2454272227395675,1.1285140562248996
wx4ewb,0,84,0.14285714285714285,0.12392426850258181,0.3520287893093146,12,0.0,1.0,2.464201525165202,0.8674698795180728
wx4ewb,1,84,0.13095238095238096,0.11517498565691339,0.33937440336141056,11,0.0,1.0,2.5915863529416807,0.8795180722891568
wx4ewb,2,84,0.09523809523809523,0.087205966724039,0.29530656397045935,8,0.0,0.0,3.100718921689823,0.9156626506024096
wx4ewb,3,84,0.03571428571428571,0.03485370051635114,0.18669145807013007,3,0.0,0.0,5.227360825963642,0.9759036144578319
wx4ewb,4,84,0.0,0.0,0.0,0,0.0,0.0,,
wx4ewb,5,84,0.07142857142857142,0.09122203098106711,0.30202985114234504,6,0.0,0.0,4.228417915992831,1.2771084337349397
wx4ewb,6,84,0.14285714285714285,0.17211703958691912,0.4148699068225112,12,0.0,1.0,2.904089347757578,1.2048192771084338
wx4ewb,7,84,0.36904761904761907,0.38023522662076886,0.6166321647633772,31,0.0,1.0,1.6708742529072156,1.0303148076175672
wx4ewb,8,84,1.5238095238095237,2.3488238668961565,1.5325873113451502,128,1.0,3.0,1.0057604230702548,1.5414156626506028
wx4ewb,9,84,1.1428571428571428,1.4010327022375215,1.1836522725182095,96,1.0,3.0,1.0356957384534333,1.2259036144578315
wx4ewb,10,84,0.9047619047619048,1.2679288582903039,1.1260234714650952,76,1.0,2.0,1.2445522579351052,1.4013950538998095
wx4ewb,11,84,2.0595238095238093,2.7554503729202517,1.6599549309906736,173,2.0,4.0,0.8059896774752404,1.337906539452608
wx4ewb,12,84,1.8095238095238095,2.3729202524383246,1.5404285937486115,152,2.0,4.0,0.8512894860189695,1.3113506658211793
wx4ewb,13,84,1.5714285714285714,2.006884681583477,1.41664557373518,132,1.0,3.0,0.9015017287405691,1.27710843373494
wx4ewb,14,84,1.4285714285714286,1.4285714285714288,1.1952286093343938,120,1.0,3.0,0.8366600265340757,1.0000000000000002
wx4ewb,15,84,1.9642857142857142,2.2758175559380383,1.5085813057101158,165,2.0,4.0,0.7680050283615135,1.1585980284775468
wx4ewb,16,84,2.857142857142857,2.943201376936317,1.7155761064249866,240,2.5,5.0,0.6004516372487453,1.030120481927711
wx4ewb,17,84,4.833333333333333,8.261044176706827,2.8742032246705915,406,4.0,9.700000000000003,0.5946627361387431,1.7091815538014126
wx4ewb,18,84,3.3214285714285716,4.847246127366611,2.201646231202145,279,3.0,6.0,0.6628612308995706,1.4593859308200547
wx4ewb,19,84,2.3214285714285716,2.437607573149742,1.5612839501992397,195,2.0,4.0,0.6725530862396725,1.0500463392029658
wx4ewb,20,84,2.0952380952380953,1.8944348823866903,1.3763847145281332,176,2.0,4.0,0.6569108864793363,0.9041621029572839
wx4ewb,21,84,1.6904761904761905,2.19219736087206,1.4806070919970835,142,2.0,3.0,0.875852082589824,1.2967928050229087
wx4ewb,22,84,1.3452380952380953,1.409495123350545,1.1872215982496885,113,1.0,3.0,0.8825364093183524,1.0477662863844759
wx4ewb,23,84,0.6428571428571429,0.6901893287435455,0.8307763409868781,54,0.0,2.0,1.2923187526462547,1.0736278447121819
wx4ex0,0,84,0.17857142857142858,0.196643717728055,0.44344528154898094,15,0.0,1.0,2.4832935766742934,1.101204819277108
wx4ex0,1,84,0.08333333333333333,0.07730923694779114,0.27804538648895283,7,0.0,0.0,3.336544637867434,0.9277108433734937
wx4ex0,2,84,0.07142857142857142,0.09122203098106713,0.3020298511423451,6,0.0,0.0,4.228417915992831,1.2771084337349399
wx4ex0,3,84,0.047619047619047616,0.0699942627653471,0.2645642885299282,4,0.0,0.0,5.555850059128493,1.4698795180722892
wx4ex0,4,84,0.0,0.0,0.0,0,0.0,0.0,,
wx4ex0,5,84,0.08333333333333333,0.10140562248995985,0.31844249479295295,7,0.0,0.0,3.8213099375154354,1.2168674698795183
wx4ex0,6,84,0.2976190476190476,0.2838496844520941,0.5327754540630547,25,0.0,1.0,1.7901255256518638,0.9537349397590361
wx4ex0,7,84,0.8214285714285714,0.7990533562822721,0.8938978444331724,69,1.0,2.0,1.08822346278821,0.9727606076479836
wx4ex0,8,84,1.5,1.819277108433735,1.3488058082740209,126,1.0,3.0,0.8992038721826806,1.21285140562249
wx4ex0,9,84,1.2380952380952381,1.2920252438324729,1.136672883389268,104,1.0,3.0,0.9180819442759472,1.0435588507877664
wx4ex0,10,84,1.4761904761904763,1.6259323006310953,1.2751205043567824,124,1.0,3.0,0.8637913094029815,1.1014380101049355
wx4ex0,11,84,1.2857142857142858,1.459552495697074,1.2081194045693804,108,1.0,3.0,0.9396484257761847,1.1352074966532797
wx4ex0,12,84,1.8928571428571428,2.530550774526678,1.5907704971260557,159,2.0,4.0,0.8404070550854634,1.336894748806547
wx4ex0,13,84,1.5119047619047619,1.8432300631095815,1.35765609161878,127,1.0,3.700000000000003,0.897977257448642,1.2191442937102743
wx4ex0,14,84,1.6071428571428572,1.566695352839931,1.2516770161826616,135,1.0,3.0,0.778821254513656,0.9748326639892904
wx4ex0,15,84,1.3095238095238095,1.011474469305795,1.0057208704734109,110,1.0,3.0,0.7680050283615137,0.7723986856516981
wx4ex0,16,84,1.75,1.7801204819277108,1.334211558159991,147,2.0,3.700000000000003,0.7624066046628519,1.0172117039586919
wx4ex0,17,84,2.1904761904761907,2.7584624211130233,1.660861951250923,184,2.0,4.0,0.7582195864406387,1.259298061812467
wx4ex0,18,84,3.0476190476190474,3.4434882386689614,1.8556638269549153,256,3.0,5.0,0.6088896932195816,1.129894578313253
wx4ex0,19,84,1.9047619047619047,2.3763625932300636,1.5415455209723985,160,2.0,4.0,0.8093113985105093,1.2475903614457835
wx4ex0,20,84,1.2023809523809523,1.0790304073436603,1.0387638843084892,101,1.0,2.700000000000003,0.8639224384347831,0.8974114278897769
wx4ex0,21,84,1.4523809523809523,1.7446930579460698,1.3208682969721355,122,1.0,3.0,0.9094503028332737,1.2012640726841792
wx4ex0,22,84,0.6309523809523809,0.6693918531267928,0.8181637080235182,53,0.0,2.0,1.2967122919618026,1.0609229370311435
wx4ex0,23,84,0.30952380952380953,0.28858290304073436,0.5371991279225371,26,0.0,1.0,1.7355664132881967,0.9323447636700648
wx4ex2,0,84,0.10714285714285714,0.12091222030981066,0.3477243452935251,9,0.0,0.0,3.2454272227395675,1.1285140562248996
wx4ex2,1,84,0.03571428571428571,0.03485370051635114,0.18669145807013007,3,0.0,0.0,5.227360825963642,0.9759036144578319
wx4ex2,2,84,0.09523809523809523,0.2317842799770511,0.48143979891264815,8,0.0,0.0,5.055117888582806,2.4337349397590367
wx4ex2,3,84,0.011904761904761904,0.011904761904761904,0.10910894511799618,1,0.0,0.0,9.16515138991168,1.0
wx4ex2,4,84,0.011904761904761904,0.011904761904761904,0.10910894511799618,1,0.0,0.0,9.16515138991168,1.0
wx4ex2,5,84,0.047619047619047616,0.045897877223178424,0.21423789866216114,4,0.0,0.0,4.498995871905384,0.963855421686747
wx4ex2,6,84,0.2619047619047619,0.24383247274813538,0.49379395778820073,22,0.0,1.0,1.885395111554948,0.9309967141292441
wx4ex2,7,84,1.2261904761904763,1.092799770510614,1.0453706378651613,103,1.0,3.0,0.8525352774822674,0.89121534682419
wx4ex2,8,84,2.0,2.6506024096385543,1.6280670777454331,168,2.0,4.0,0.8140335388727166,1.3253012048192772
wx4ex2,9,84,1.2380952380952381,1.3402180149168101,1.1576778545505697,104,1.0,3.0,0.9350474979062293,1.082483781278962
wx4ex2,10,84,0.5357142857142857,0.4926850258175559,0.701915255438686,45,0.0,1.0,1.310241810152214,0.9196787148594378
wx4ex2,11,84,0.5714285714285714,0.5611015490533563,0.7490671191911685,48,0.0,1.7000000000000028,1.310867458584545,0.9819277108433736
wx4ex2,12,84,0.8214285714285714,0.7508605851979346,0.8665221204319798,69,1.0,2.0,1.054896494438932,0.9140911471974856
wx4ex2,13,84,1.1428571428571428,1.810671256454389,1.3456118520785958,96,1.0,2.700000000000003,1.1774103705687713,1.5843373493975905
wx4ex2,14,84,1.0238095238095237,1.0114744693057947,1.0057208704734106,86,1.0,2.0,0.9823320130205407,0.9879518072289158
wx4ex2,15,84,0.5595238095238095,0.5385829030407343,0.7338820770673816,47,0.0,2.0,1.3116190313544693,0.9625736990515251
wx4ex2,16,84,0.8095238095238095,0.8789443488238674,0.9375203191525331,68,1.0,2.0,1.1581133354237174,1.085754783841248
wx4ex2,17,84,1.0,1.0843373493975903,1.0413152017509348,84,1.0,2.0,1.0413152017509348,1.0843373493975903
wx4ex2,18,84,1.1547619047619047,1.3372059667240388,1.1563762219641318,97,1.0,3.0,1.001397965412238,1.157992795925972
wx4ex2,19,84,1.3095238095238095,1.9030407343660365,1.3795074245418313,110,1.0,4.0,1.0534420332864893,1.453231106243155
wx4ex2,20,84,1.0476190476190477,1.0338496844520944,1.0167839910482925,88,1.0,2.0,0.9705665369097337,0.986856516976999
wx4ex2,21,84,0.8452380952380952,0.7588927137119909,0.8711444849805289,71,1.0,2.0,1.0306498132164004,0.8978449007296794
wx4ex2,22,84,0.4166666666666667,0.3905622489959838,0.6249497971805286,35,0.0,1.0,1.4998795132332685,0.9373493975903611
wx4ex2,23,84,0.3333333333333333,0.321285140562249,0.5668202012651358,28,0.0,1.0,1.7004606037954073,0.963855421686747
